,Sports spot,Sports Address,BiciPark spot,Address BiciPark,Available bikes,Distance in m
0,Campo de Golf del Centro Nacional de Golf,CALLE ARROYO DEL MONTE 5,Bicipark Fuente de la Mora,Estación de Fuente de la Mora,1,91.76877647265792
1,Campo de Golf del Club de Golf Olivar de la Hinojosa,CALLE VIA DE DUBLIN  SIN NÚMERO,Bicipark Recuerdo,"Calle Hiedra, 26",0,384.4201567908749
2,Centro Comercial Dreams - Palacio Municipal de Hielo,CALLE SILVANO 77,Bicipark Recuerdo,"Calle Hiedra, 26",0,1062.7388518964872
3,Centro Deportivo Municipal  María Jesús Rosa (La Vaguada),AVENIDA MONFORTE DE LEMOS 38,Bicipark Fuente de la Mora,Estación de Fuente de la Mora,1,658.5901998998597
4,Centro Deportivo Municipal Alcántara,CALLE ALCANTARA 26,Bicipark Salamanca,Pl. del Marqués de Salamanca,6,246.24813336320221
5,Centro Deportivo Municipal Alfredo Goyeneche,CALLE ARROYO DE POZUELO 99,Bicipark Orense,"Avenida General Perón, 27",6,94.80523002054542
6,Centro Deportivo Municipal Aluche,AVENIDA DE LAS AGUILAS 14,Bicipark Aviación,Parking Aviación Española,0,85.82719439826906
7,Centro Deportivo Municipal Antiguo Canódromo,CALLE VIA CARPETANA 57,Bicipark Aviación,Parking Aviación Española,0,1616.867577967234
8,Centro Deportivo Municipal Antonio Díaz Miguel,CALLE JOAQUIN DICENTA 1,Bicipark Recuerdo,"Calle Hiedra, 26",0,129.65761121269315
9,Centro Deportivo Municipal Barajas,AVENIDA LOGROÑO 70,Bicipark Recuerdo,"Calle Hiedra, 26",0,1046.9789471141994
10,Centro Deportivo Municipal Barceló,MERCADO BARCELO 6 PLANTA 4º,Bicipark Villa de Paris,"Calle de Orellana, 23, 21",2,122.75127642974257
11,Centro Deportivo Municipal Blanca Fernández Ochoa (La Mina),CALLE MONSEÑOR OSCAR ROMERO 41,Bicipark Aviación,Parking Aviación Española,0,123.4874408096075
12,Centro Deportivo Municipal Casa de Campo,PASEO PUERTA DEL ANGEL 7,Bicipark Canalejas,-,0,187.1712680067867
13,Centro Deportivo Municipal Cea Bermúdez,CALLE CEA BERMUDEZ 3,Bicipark Almagro,"Calle Almagro, 11",4,914.89549379237
14,Centro Deportivo Municipal Centro Integrado Arganzuela,CALLE CANARIAS 17,Bicipark Canalejas,-,0,1751.598536675796
15,Centro Deportivo Municipal Cerro Almodóvar,CALLE CERRO DE ALMODOVAR 9,Bicipark Aviación,Parking Aviación Española,0,200.74405561666936
16,Centro Deportivo Municipal Chamartín,AVENIDA PIO XII 2,Bicipark Orense,"Avenida General Perón, 27",6,908.4225161485374
17,Centro Deportivo Municipal Circuito BMX,CALLE EMBAJADORES 316,Bicipark Aviación,Parking Aviación Española,0,227.9256300572306
18,Centro Deportivo Municipal Ciudad de los Poetas,CALLE ANTONIO MACHADO 12,Bicipark Recuerdo,"Calle Hiedra, 26",0,723.3898870507255
19,Centro Deportivo Municipal Concepción,CALLE JOSE DEL HIERRO 5,Bicipark Almagro,"Calle Almagro, 11",4,767.6058277562261
20,Centro Deportivo Municipal Daoíz y Velarde 1,PLAZA DAOÍZ Y VELARDE 5,Bicipark Canalejas,-,0,1718.5242789024487
21,Centro Deportivo Municipal Daoíz y Velarde 2,CALLE ALBERCHE 21,Bicipark Canalejas,-,0,1893.376032709144
22,Centro Deportivo Municipal El Espinillo,CARRETERA VILLAVERDE A VALLECAS 19,Bicipark Aviación,Parking Aviación Española,0,3022.276984552853
23,Centro Deportivo Municipal El Olivillo,CALLE OLIVILLO 4,Bicipark Canalejas,-,0,1256.0148964188993
24,Centro Deportivo Municipal El Quijote,CALLE NUMANCIA 11,Bicipark Orense,"Avenida General Perón, 27",6,67.35616004373878
25,Centro Deportivo Municipal Entrevías,RONDA SUR 4,Bicipark Aviación,Parking Aviación Española,0,565.3141367500648
26,Centro Deportivo Municipal Escuelas de San Antón,CALLE FARMACIA 13,Bicipark Villa de Paris,"Calle de Orellana, 23, 21",2,198.29327441193163
27,Centro Deportivo Municipal Estadio de Atletismo Vallehermoso,CALLE MELQUIADES ALVAREZ 19 esquina con calle Jesús Maestro,Bicipark Orense,"Avenida General Perón, 27",6,1198.9082853691652
28,Centro Deportivo Municipal Estanque del Retiro,PASEO COLOMBIA 2,Bicipark Montalban,"Calle de Montalbán, 5",1,32.28331588488072
29,Centro Deportivo Municipal Fabián Roncero,AVENIDA SEPTIMA 68,Bicipark Orense,"Avenida General Perón, 27",6,369.15311519335955
30,Centro Deportivo Municipal Faustina Valladolid (antiguo Valdebernardo),CALLE LADERA DE LOS ALMENDROS 2,Bicipark Canalejas,-,0,1515.9561089249328
31,Centro Deportivo Municipal Fernando Martín,AVENIDA SANTO ANGEL DE LA GUARDA 6,Bicipark Orense,"Avenida General Perón, 27",6,886.370828140527
32,Centro Deportivo Municipal Francisco Fernández Ochoa,CALLE CATORCE OLIVAS 1,Bicipark Aviación,Parking Aviación Española,0,1967.432429493405
33,Centro Deportivo Municipal Fuente del Berro,CALLE ELVIRA 36,Bicipark Recoletos,"Paseo de Recoletos, 2",7,152.01439549215138
34,Centro Deportivo Municipal Félix Rubio,CALLE ALIANZA 4,Bicipark Aviación,Parking Aviación Española,0,2901.1904601221904
35,Centro Deportivo Municipal Gallur,CALLE GALLUR 2,Bicipark Aviación,Parking Aviación Española,0,1666.9332393333316
36,Centro Deportivo Municipal Gimnasio Moscardó,CALLE PILAR DE ZARAGOZA 93,Bicipark Almagro,"Calle Almagro, 11",4,844.279264871031
37,Centro Deportivo Municipal Hortaleza,CARRETERA ESTACION DE HORTALEZA 11,Bicipark Fuente de la Mora,Estación de Fuente de la Mora,1,663.0048119174317
38,Centro Deportivo Municipal José María Cagigal,CALLE SANTA POLA 22,Bicipark Almagro,"Calle Almagro, 11",4,199.1008568443358
39,Centro Deportivo Municipal Juan de Dios Román,CALLE JOSE GUTIERREZ MAROTO 34,Bicipark Aviación,Parking Aviación Española,0,2179.1570894960314
40,Centro Deportivo Municipal La Almudena,CALLE NICOLAS SALMERÓN 8,Bicipark Recoletos,"Paseo de Recoletos, 2",7,28.10802626889199
41,Centro Deportivo Municipal La Bombilla,CALLE SENDA DEL REY 8,Bicipark Almagro,"Calle Almagro, 11",4,257.326180100441
42,Centro Deportivo Municipal La Cebada (antigua La Latina),PLAZA CEBADA 15,Bicipark Canalejas,-,0,808.3567041326314
43,Centro Deportivo Municipal La Chopera,PASEO FERNAN NUÑEZ 3,Bicipark Canalejas,-,0,683.2086252691224
44,Centro Deportivo Municipal La Elipa,CALLE ALCALDE GARRIDO JUARISTI 17,Bicipark Canalejas,-,0,386.9953430145979
45,Centro Deportivo Municipal La Fundi,CALLE ALICANTE 14,Bicipark Aviación,Parking Aviación Española,0,1211.784219134599
46,Centro Deportivo Municipal La Masó,CALLE MASO 80 C/V Ventisquero de la Condesa,Bicipark Fuente de la Mora,Estación de Fuente de la Mora,1,28.69824032764882
47,Centro Deportivo Municipal Lago Casa de Campo,PASEO EMBARCADERO 8,Bicipark Canalejas,-,0,88.45207360200584
48,Centro Deportivo Municipal Las Cruces,AVENIDA POBLADOS 72,Bicipark Aviación,Parking Aviación Española,0,483.4136409983039
49,Centro Deportivo Municipal Los Prunos,CALLE PETUNIAS 30,Bicipark Orense,"Avenida General Perón, 27",6,31.6652129907161
50,Centro Deportivo Municipal Luis Aragonés,CALLE EL PROVENCIO 20,Bicipark Recuerdo,"Calle Hiedra, 26",0,864.7355871060863
51,Centro Deportivo Municipal Margot Moles (Vicálvaro),PASEO POLIDEPORTIVO 3,Bicipark Canalejas,-,0,964.812418221496
52,Centro Deportivo Municipal Marqués de Samaranch,PASEO IMPERIAL 20,Bicipark Canalejas,-,0,1134.6419318132102
53,Centro Deportivo Municipal Miguel Guillén Prim,CALLE FUENTIDUEÑA 6 ESQUINA CALLE PUERTO PORZUNA,Bicipark Aviación,Parking Aviación Española,0,1076.7891462296247
54,Centro Deportivo Municipal Moratalaz,CALLE VALDEBERNARDO 2,Bicipark Aviación,Parking Aviación Española,0,1710.6499238144606
55,Centro Deportivo Municipal Moscardó,CALLE ANDRES ARTEAGA 5,Bicipark Aviación,Parking Aviación Española,0,557.8651903476566
56,Centro Deportivo Municipal Orcasitas,AVENIDA RAFAELA YBARRA 52,Bicipark Aviación,Parking Aviación Española,0,880.4678664132953
57,Centro Deportivo Municipal Orcasur,CALLE MOREJA 11,Bicipark Aviación,Parking Aviación Española,0,1477.3857793612406
58,Centro Deportivo Municipal Pabellón Villa de Madrid,CALLE BREZOS 6 c/v calle Antonio Sancha,Bicipark Orense,"Avenida General Perón, 27",6,944.4438271904364
59,Centro Deportivo Municipal Palomeras,CALLE TRANVIA DE ARGANDA 4,Bicipark Aviación,Parking Aviación Española,0,98.83987424802035
60,Centro Deportivo Municipal Pepu Hernández,AVENIDA NIZA 8,Bicipark Villa de Paris,"Calle de Orellana, 23, 21",2,226.02605694532394
61,Centro Deportivo Municipal Peñagrande,AVENIDA MONFORTE DE LEMOS 184,Bicipark Recuerdo,"Calle Hiedra, 26",0,486.82068877480924
62,Centro Deportivo Municipal Peñuelas,CALLE ARGANDA 25,Bicipark Aviación,Parking Aviación Española,0,1688.027318995446
63,Centro Deportivo Municipal Plata y Castañar,PASEO PLATA Y CASTAÑAR 7,Bicipark Aviación,Parking Aviación Española,0,3729.3746540276334
64,Centro Deportivo Municipal Playa Victoria,CALLE HIERBABUENA 2,Bicipark Orense,"Avenida General Perón, 27",6,701.6854028692469
65,Centro Deportivo Municipal Pradillo,CALLE PRADILLO 33,Bicipark Orense,"Avenida General Perón, 27",6,430.4472829271108
66,Centro Deportivo Municipal Pueblo Nuevo,CALLE FRANCISCO RIOJA 14,Bicipark Salamanca,Pl. del Marqués de Salamanca,6,31.458711517974734
67,Centro Deportivo Municipal Raúl González,CALLE BENIMAMET 137,Bicipark Aviación,Parking Aviación Española,0,4149.043280443177
68,Centro Deportivo Municipal San Blas,AVENIDA HELLIN 47,Bicipark Salamanca,Pl. del Marqués de Salamanca,6,153.7502333521843
69,Centro Deportivo Municipal San Cristóbal,PLAZA PINAZO 9,Bicipark Aviación,Parking Aviación Española,0,4543.877380985767
70,Centro Deportivo Municipal San Fermín,CALLE SAN MARIO 18,Bicipark Aviación,Parking Aviación Española,0,911.2326075034216
71,Centro Deportivo Municipal San Juan Bautista,CALLE TREVIANA 1,Bicipark Orense,"Avenida General Perón, 27",6,481.2605235474184
72,Centro Deportivo Municipal Santa Ana,PASEO ALAMEDILLAS 5,Bicipark Pitis,"Calle Pau Arroyo del Fresno, 181",3,239.5810460448265
73,Centro Deportivo Municipal Tenis Casa de Campo,CAMINO PRINCIPE 2,Bicipark Recoletos,"Paseo de Recoletos, 2",7,120.51734170597047
74,Centro Deportivo Municipal Triángulo de Oro,CALLE BRAVO MURILLO 376,Bicipark Recuerdo,"Calle Hiedra, 26",0,811.9429495092481
75,Centro Deportivo Municipal Vallecas Verano,CALLE ARROYO DEL OLIVAR 51,Bicipark Aviación,Parking Aviación Española,0,765.5890870420262
76,Centro Deportivo Municipal Vallehermoso,AVENIDA FILIPINAS 7,Bicipark Almagro,"Calle Almagro, 11",4,1145.1924309106544
77,Centro Deportivo Municipal Vicente del Bosque,AVENIDA MONFORTE DE LEMOS 13,Bicipark Fuente de la Mora,Estación de Fuente de la Mora,1,642.3363579250872
78,Centro Deportivo Municipal Wilfred Agbonavbare (antiguo Alberto García),"CALLE REGUERA DE TOMATEROS, 39B ",Bicipark Aviación,Parking Aviación Española,0,1232.3176653310657
79,Centro Deportivo Municipal Ángel Nieto (antiguo Puente de Vallecas),CALLE PAYASO FOFO 7,Bicipark Aviación,Parking Aviación Española,0,887.2643290739506
80,Centro de Alto Rendimiento del Consejo Superior de Deportes,CALLE MARTIN FIERRO 5,Bicipark Almagro,"Calle Almagro, 11",4,718.1214081170037
81,Centro de Natación Mundial 86 (M - 86),CALLE JOSE MARTINEZ DE VELASCO 3,Bicipark Canalejas,-,0,254.32516031246632
82,Club Deportivo Somontes,CARRETERA EL PARDO 43,Bicipark Pitis,"Calle Pau Arroyo del Fresno, 181",3,404.7307712882757
83,Complejo Deportivo Hockey Somontes de la Comunidad de Madrid,CARRETERA EL PARDO 41,Bicipark Fuente de la Mora,Estación de Fuente de la Mora,1,241.01922431215644
84,Complejo de campos de Fútbol Ernesto Cotorruelo,CALLE VIA LUSITANA 5,Bicipark Aviación,Parking Aviación Española,0,251.67585219815373
85,Espacio Polivalente Embajadores,CALLE EMBAJADORES 18,Bicipark Canalejas,-,0,897.698294387199
86,Estadio Cívitas Metropolitano Madrid,AVENIDA LUIS ARAGONES 4,Bicipark Almagro,"Calle Almagro, 11",4,626.783646767959
87,Estadio Santiago Bernabéu,AVENIDA CONCHA ESPINA 1,Bicipark Orense,"Avenida General Perón, 27",6,91.64351534564048
88,Estadio de Vallecas,AVENIDA ALBUFERA 114,Bicipark Aviación,Parking Aviación Española,0,989.876433044672
89,Hipódromo de la Zarzuela,AVENIDA PADRE HUIDOBRO  s/n Carretera de La Coruña Km. 8,Bicipark Recuerdo,"Calle Hiedra, 26",0,614.6427281573415
90,Instalación Deportiva  Básica Embalse de San Juan,CALLE EMBALSE DE SAN JUAN 1,Bicipark Aviación,Parking Aviación Española,0,2320.862148477696
91,Instalación Deportiva Básica Alto del Retiro,CALLE ALTO DEL RETIRO 13 c/v calle Antonio Gades,Bicipark Aviación,Parking Aviación Española,0,1778.531615274027
92,Instalación Deportiva Básica Avenida de Cerro Milano,AVENIDA CERRO MILANO 1,Bicipark Aviación,Parking Aviación Española,0,1655.601882754825
93,Instalación Deportiva Básica Avenida de las Suertes,AVENIDA avenida de las Suertes ,Bicipark Aviación,Parking Aviación Española,0,1468.7771330578253
94,Instalación Deportiva Básica Avenida del Ensanche de Vallecas,AVENIDA ENSANCHE DE VALLECAS 11,Bicipark Aviación,Parking Aviación Española,0,1468.7771330578253
95,Instalación Deportiva Básica Avenida del Mediterráneo,INST. DEPORTIVA BASICA LUIS MITJANS ,Bicipark Canalejas,-,0,1841.548568381928
96,Instalación Deportiva Básica Camino de la Suerte,CAMINO SUERTE 25,Bicipark Aviación,Parking Aviación Española,0,854.6812370317057
97,Instalación Deportiva Básica Campos de Rugby de las Leonas,"CALLE ESCUELA DE VALLECAS 33 C/ Eduardo Chillida, C/ Arte Hiperrealista, C/ Arte Figurativo",Bicipark Aviación,Parking Aviación Española,0,2695.284032999538
98,Instalación Deportiva Básica Circuito de Automodelismo,CALLE NAVAMURES 2,Bicipark Aviación,Parking Aviación Española,0,1184.408961718902
99,Instalación Deportiva Básica Colonia Vilda,CALLE PUENTELARRA 1 c/v Avda. Sta. Eugenia,Bicipark Aviación,Parking Aviación Española,0,216.8672930598259
100,Instalación Deportiva Básica Eduardo Chillida,CALLE EDUARDO CHILLIDA 1,Bicipark Aviación,Parking Aviación Española,0,2278.606504551135
101,Instalación Deportiva Básica Jardines de José Luis Sampedro (junto al Centro Cultural Galileo),JARDIN JOSE LUIS SAMPEDRO ,Bicipark Almagro,"Calle Almagro, 11",4,389.59385364409536
102,Instalación Deportiva Básica La Unión,"CALLE ENRIQUE GARCIA ALVAREZ 58 c/v Diego Olivera Victorio, 1",Bicipark Aviación,Parking Aviación Española,0,4.774317247793078
103,Instalación Deportiva Básica Nuestra Señora de la Torre,TRAVESIA PUERTO DE REINOSA 2,Bicipark Aviación,Parking Aviación Española,0,555.0648381318897
104,Instalación Deportiva Básica P.A.R. Castrillo de Aza,AVENIDA SANTA EUGENIA 1,Bicipark Aviación,Parking Aviación Española,0,309.0999278072268
105,Instalación Deportiva Básica Pabellón del Cementerio,CALLE PICO DE LA CIERVA ,Bicipark Aviación,Parking Aviación Española,0,454.42279864288867
106,Instalación Deportiva Básica Parkour,AVENIDA LA GAVIA 39,Bicipark Aviación,Parking Aviación Española,0,1490.8310216832906
107,Instalación Deportiva Básica Parque Real de Arganda,CALLE REAL DE ARGANDA 45,Bicipark Aviación,Parking Aviación Española,0,445.33168080542237
108,Instalación Deportiva Básica Parque Santa Eugenia,CALLE ZAZUAR 12,Bicipark Aviación,Parking Aviación Española,0,242.69989463221282
109,Instalación Deportiva Básica Parque Villa de Vallecas,CALLE PUERTO DE PORZUNA 50,Bicipark Aviación,Parking Aviación Española,0,1192.404778148979
110,Instalación Deportiva Básica Parque del Cementerio,CALLE MONTES DE BARBANZA 15,Bicipark Aviación,Parking Aviación Española,0,711.1547928396612
111,Instalación Deportiva Básica Parroquia Santa Eugenia,CALLE VIRGEN DE LAS VI&amp;Ntilde;AS 15,Bicipark Aviación,Parking Aviación Española,0,379.55046593397856
112,Instalación Deportiva Básica Peñaranda de Bracamonte,CALLE PEÑARANDA DE BRACAMONTE 4,Bicipark Aviación,Parking Aviación Española,0,907.5268302615732
113,Instalación Deportiva Básica Pista de Patinaje,CALLE PUERTO DE PORZUNA,Bicipark Aviación,Parking Aviación Española,0,1192.404778148979
114,Instalación Deportiva Básica Poza de la Sal,CALLE POZA DE LA SAL 2,Bicipark Aviación,Parking Aviación Española,0,486.21935821231455
115,Instalación Deportiva Básica Puentelarra,CALLE PUENTELARRA 12,Bicipark Aviación,Parking Aviación Española,0,27.47516221087426
116,Instalación Deportiva Básica Puerto Lumbreras,INST. DEPORTIVA BASICA POZA DE LA SAL ,Bicipark Aviación,Parking Aviación Española,0,465.73669730871916
117,Instalación Deportiva Básica Rocódromo,AVENIDA LA GAVIA 4 c/v Avenida Cerro Milano,Bicipark Aviación,Parking Aviación Española,0,746.4313384303823
118,Instalación Deportiva Básica Santa Eugenia,CALLE CERRO DE ALMODOVAR 11,Bicipark Aviación,Parking Aviación Española,0,383.1154703591019
119,Instalación Deportiva Básica Skate Real de Arganda,CALLE REAL DE ARGANDA 49,Bicipark Aviación,Parking Aviación Española,0,445.33168080542237
120,Instalación Deportiva Básica Stela Maris,CALLE PEÑARANDA DE BRACAMONTE 4,Bicipark Aviación,Parking Aviación Española,0,907.5268302615732
121,Instalación Deportiva Canal de Isabel II,AVENIDA FILIPINAS 54,Bicipark Almagro,"Calle Almagro, 11",4,1257.2271045465022
122,Instalación Deportiva Municipal Básica Abrantes - Colonia Velázquez,AVENIDA ABRANTES 297,Bicipark Aviación,Parking Aviación Española,0,967.1247024163604
123,Instalación Deportiva Municipal Básica Acuario,CALLE MISTRAL 1,Bicipark Recuerdo,"Calle Hiedra, 26",0,68.22249059937894
124,Instalación Deportiva Municipal Básica Alameda de Osuna I,CALLE BALANDRO 1,Bicipark Orense,"Avenida General Perón, 27",6,191.64195796474814
125,Instalación Deportiva Municipal Básica Alameda de Osuna II,PASEO ALAMEDA DE OSUNA 46,Bicipark Orense,"Avenida General Perón, 27",6,142.59109164681286
126,Instalación Deportiva Municipal Básica Alas,CALLE ALAS 2,Bicipark Recuerdo,"Calle Hiedra, 26",0,41.465036703273654
127,Instalación Deportiva Municipal Básica Albaicín,CALLE ALBAICIN 19 Orcasur,Bicipark Aviación,Parking Aviación Española,0,1704.0057636853307
128,Instalación Deportiva Municipal Básica Albaida,CALLE ALBAIDA S/N Parque de San Blas,Bicipark Salamanca,Pl. del Marqués de Salamanca,6,8.181688786484301
129,Instalación Deportiva Municipal Básica Alcalde Martín de Alzaga,CALLE ALCALDE MARTIN DE ALZAGA S/N,Bicipark Recuerdo,"Calle Hiedra, 26",0,1053.4036583881825
130,Instalación Deportiva Municipal Básica Alerce,CALLE ALERCE 31 Junto M-40,Bicipark Aviación,Parking Aviación Española,0,2051.347400269471
131,Instalación Deportiva Municipal Básica Alfonso XIII,"AVENIDA ALFONSO XIII c/v SANTA MARÍA MAGDALENA, 2 136 c/v Santa María Magdalena, 2",Bicipark Orense,"Avenida General Perón, 27",6,771.5942880762741
132,Instalación Deportiva Municipal Básica Alhaurín,CALLE ALHAURIN 4,Bicipark Recuerdo,"Calle Hiedra, 26",0,121.52452095132321
133,Instalación Deportiva Municipal Básica Alicún,CALLE ALICUN 24,Bicipark Fuente de la Mora,Estación de Fuente de la Mora,1,580.2218026909977
134,Instalación Deportiva Municipal Básica Aliseda,CALLE ALISEDA c/v Real Betis,Bicipark Aviación,Parking Aviación Española,0,821.8754402734339
135,Instalación Deportiva Municipal Básica Almudena,CALLE NICOLAS SALMERON 8,Bicipark Montalban,"Calle de Montalbán, 5",1,105.08857680950314
136,Instalación Deportiva Municipal Básica Ambulatorio (El Paraiso),CALLE AJOFRIN s/n,Bicipark Villa de Paris,"Calle de Orellana, 23, 21",2,0.08431336656212807
137,Instalación Deportiva Municipal Básica Americio,CALLE AMERICIO s/n,Bicipark Aviación,Parking Aviación Española,0,3033.786778138019
138,Instalación Deportiva Municipal Básica Ana Tutor,AVENIDA CARDENAL HERRERA ORIA 216,Bicipark Pitis,"Calle Pau Arroyo del Fresno, 181",3,564.3482790011913
139,Instalación Deportiva Municipal Básica Andévalo,CALLE ANDEVALO 6 Aparcamiento,Bicipark Aviación,Parking Aviación Española,0,1011.5434186691418
140,Instalación Deportiva Municipal Básica Anfevi,CALLE HACIENDA DE PAVONES 127 Posterior,Bicipark Canalejas,-,0,1599.6088685048744
141,Instalación Deportiva Municipal Básica Aniceto Marinas,CALLE ANICETO MARINAS 106,Bicipark Almagro,"Calle Almagro, 11",4,95.1652563828975
142,Instalación Deportiva Municipal Básica Antonio Machado,CALLE ANTONIO MACHADO 14 Posterior,Bicipark Recuerdo,"Calle Hiedra, 26",0,707.4429934751242
143,Instalación Deportiva Municipal Básica Antonio Pirala,CALLE ANTONIO PIRALA s/n,Bicipark Almagro,"Calle Almagro, 11",4,43.46463412884623
144,Instalación Deportiva Municipal Básica Arcaute,AVENIDA INVIERNO 1,Bicipark Orense,"Avenida General Perón, 27",6,1040.3170728487894
145,Instalación Deportiva Municipal Básica Arcos de Jalón,CALLE ARCOS DE JALON s/n c/v Albericia,Bicipark Villa de Paris,"Calle de Orellana, 23, 21",2,150.7202604180202
146,Instalación Deportiva Municipal Básica Arequipa,CALLE AREQUIPA 12,Bicipark Recuerdo,"Calle Hiedra, 26",0,393.3453688258305
147,Instalación Deportiva Municipal Básica Arganda,CALLE ARGANDA 10,Bicipark Aviación,Parking Aviación Española,0,1850.3659538486972
148,Instalación Deportiva Municipal Básica Arjona,CALLE CONCEJAL FRANCISCO JOSE JIMENEZ MARTIN 11,Bicipark Aviación,Parking Aviación Española,0,1835.9641356859356
149,Instalación Deportiva Municipal Básica Arriaga,AVENIDA DAROCA 95,Bicipark Villa de Paris,"Calle de Orellana, 23, 21",2,57.63332768436521
150,Instalación Deportiva Municipal Básica Arroyo Belincoso,AVENIDA DOCTOR GARCIA TAPIA 76 c/v calle Arroyo Belincoso,Bicipark Canalejas,-,0,639.7945978129283
151,Instalación Deportiva Municipal Básica Arroyo Fontarrón,CALLE ARROYO FONTARRON 381,Bicipark Aviación,Parking Aviación Española,0,1360.9762325668707
152,Instalación Deportiva Municipal Básica Arroyo Media Legua,INST. DEPORTIVA BASICA ARROYO DE LA MEDIA LEGUA ,Bicipark Recoletos,"Paseo de Recoletos, 2",7,237.09347483702004
153,Instalación Deportiva Municipal Básica Arroyo de Opañel,CALLE ARROYO OPAÑEL 12,Bicipark Aviación,Parking Aviación Española,0,556.95399716869
154,Instalación Deportiva Municipal Básica Aster - Lirios,AVENIDA ALFONSO XIII (posterior) 126 Posterior,Bicipark Orense,"Avenida General Perón, 27",6,605.6518260100856
155,Instalación Deportiva Municipal Básica Auditorio de Chamartín,PLAZA JOAQUIN RODRIGO 1,Bicipark Orense,"Avenida General Perón, 27",6,832.2041236655787
156,Instalación Deportiva Municipal Básica Auditorio de Moratalaz,CALLE HACIENDA DE PAVONES 209,Bicipark Canalejas,-,0,1823.42092198506
157,Instalación Deportiva Municipal Básica Avenida General Perón,AVENIDA GENERAL PERON 5,Bicipark Orense,"Avenida General Perón, 27",6,22.07383969053626
158,Instalación Deportiva Municipal Básica Avenida Moratalaz M-30,"CALLE RAMON ARECES 1 frente Avda. Moratalaz, 13",Bicipark Canalejas,-,0,1092.1239181626588
159,Instalación Deportiva Municipal Básica Avenida San Luis I,AVENIDA SAN LUIS (frentealnº86),Bicipark Recuerdo,"Calle Hiedra, 26",0,72.49391190055758
160,Instalación Deportiva Municipal Básica Avenida de Brasil,AVENIDA BRASIL 19 c/v C/ General Yagüe,Bicipark Orense,"Avenida General Perón, 27",6,484.7363586165011
161,Instalación Deportiva Municipal Básica Ayacucho,CALLE NEVADO DEL RUIZ 2,Bicipark Recuerdo,"Calle Hiedra, 26",0,291.51057071611285
162,Instalación Deportiva Municipal Básica Ayerbe,CALLE AYERBE 16,Bicipark Recuerdo,"Calle Hiedra, 26",0,467.5010588224977
163,Instalación Deportiva Municipal Básica Azca,PLAZA PABLO RUIZ PICASSO 1,Bicipark Orense,"Avenida General Perón, 27",6,302.7502397103235
164,Instalación Deportiva Municipal Básica Bacares (Rocódromo),CALLE BACARES 9,Bicipark Recuerdo,"Calle Hiedra, 26",0,434.38829740323126
165,Instalación Deportiva Municipal Básica Bacares (fútbol),CALLE BACARES 27,Bicipark Recuerdo,"Calle Hiedra, 26",0,557.8747913073748
166,Instalación Deportiva Municipal Básica Bahía de Santander II,CALLE BAHIA DE SANTANDER 64,Bicipark Recuerdo,"Calle Hiedra, 26",0,794.9418977135792
167,Instalación Deportiva Municipal Básica Barceló,PLAZA BARCELO S/N,Bicipark Villa de Paris,"Calle de Orellana, 23, 21",2,129.3980439165607
168,Instalación Deportiva Municipal Básica Barrio El Querol - Spartac de Manoteras,CALLE TIJOLA 1,Bicipark Fuente de la Mora,Estación de Fuente de la Mora,1,432.24798502679914
169,Instalación Deportiva Municipal Básica Barrio Goya,CALLE SEPULVEDA 9,Bicipark Canalejas,-,0,1540.3384989267215
170,Instalación Deportiva Municipal Básica Barrio IV,CALLE LUIS DE HOYOS SAINZ 150,Bicipark Canalejas,-,0,1679.1508435597643
171,Instalación Deportiva Municipal Básica Barrio de Las Cárcavas,CAMINO MONTORO 4,Bicipark Fuente de la Mora,Estación de Fuente de la Mora,1,518.3983835484833
172,Instalación Deportiva Municipal Básica Barrio de Las Cárcavas- Aurora Redondo,CALLE RAFAELA APARICIO 3,Bicipark Fuente de la Mora,Estación de Fuente de la Mora,1,598.1984692439437
173,Instalación Deportiva Municipal Básica Barrio de Santa Ana - Andrés Navarrete,CALLE HOSPITALET DE LLOBREGAT 11,Bicipark Pitis,"Calle Pau Arroyo del Fresno, 181",3,157.82280516531318
174,Instalación Deportiva Municipal Básica Barrio del Aeropuerto,CALLE MEDINA DE POMAR 14,Bicipark Orense,"Avenida General Perón, 27",6,197.1915121236816
175,Instalación Deportiva Municipal Básica Baterías - Barrio Alegría,"CALLE JUAN PÉREZ ZÚÑIGA s/n Baterías, 2",Bicipark Almagro,"Calle Almagro, 11",4,1224.0830306280404
176,Instalación Deportiva Municipal Básica Belzunegui,CALLE BELZUNEGUI  c/v Berrioplana,Bicipark Aviación,Parking Aviación Española,0,959.2267682179809
177,Instalación Deportiva Municipal Básica Bike Park BMX,CALLE MISTRAL 1,Bicipark Recuerdo,"Calle Hiedra, 26",0,68.22249059937894
178,Instalación Deportiva Municipal Básica Boston,CALLE BOSTON 1,Bicipark Almagro,"Calle Almagro, 11",4,772.1020231535658
179,Instalación Deportiva Municipal Básica Briviesca,CALLE BRIVIESCA 4,Bicipark Fuente de la Mora,Estación de Fuente de la Mora,1,316.8000807315111
180,Instalación Deportiva Municipal Básica Brujas,CALLE BRUJAS 32 esquina C/ Hacienda de Pavones,Bicipark Aviación,Parking Aviación Española,0,1776.360023047775
181,Instalación Deportiva Municipal Básica Brunete,CALLE BRUNETE 1,Bicipark Pitis,"Calle Pau Arroyo del Fresno, 181",3,2307.70427478943
182,Instalación Deportiva Municipal Básica Burgo de Osma,CALLE BURGO DE OSMA 5,Bicipark Recuerdo,"Calle Hiedra, 26",0,377.98785908706486
183,Instalación Deportiva Municipal Básica Burgos,AVENIDA BURGOS 18B ,Bicipark Recuerdo,"Calle Hiedra, 26",0,383.500291868113
184,Instalación Deportiva Municipal Básica C. F. El Pozo,CALLE REGUERA DE TOMATEROS 103,Bicipark Aviación,Parking Aviación Española,0,1502.2827966725454
185,Instalación Deportiva Municipal Básica C. F. Nuestra Señora del Buen Camino,GLORIETA RIO ZANCARA 1,Bicipark Orense,"Avenida General Perón, 27",6,27.538495196960866
186,Instalación Deportiva Municipal Básica C.P. Aragón,CALLE ANTONIO MAIRENA 23,Bicipark Aviación,Parking Aviación Española,0,917.7965086195618
187,Instalación Deportiva Municipal Básica Calanda,CALLE CALANDA 30,Bicipark Orense,"Avenida General Perón, 27",6,1056.1449060309678
188,Instalación Deportiva Municipal Básica Caleruega,CALLE CALERUEGA 52,Bicipark Fuente de la Mora,Estación de Fuente de la Mora,1,402.2621513325721
189,Instalación Deportiva Municipal Básica Camino Viejo de Leganés,CALLE CAMINO VIEJO DE LEGANES S/N Carrero Juan Ramón,Bicipark Aviación,Parking Aviación Española,0,257.7603568136692
190,Instalación Deportiva Municipal Básica Campo Azul,CALLE GOLFO DE DARIEN 14,Bicipark Aviación,Parking Aviación Española,0,56.69212425965816
191,Instalación Deportiva Municipal Básica Campo de Fútbol San Martín de Porres,PASEO ERMITA DEL SANTO S/N Parque de San Isidro,Bicipark Aviación,Parking Aviación Española,0,1781.063959817402
192,Instalación Deportiva Municipal Básica Campo de Fútbol Tierra,AVENIDA DOCTOR GARCIA TAPIA 113,Bicipark Canalejas,-,0,697.7085551721975
193,Instalación Deportiva Municipal Básica Campo de fútbol de la A. D. Orcasitas,AVENIDA RAFAELA YBARRA 119,Bicipark Aviación,Parking Aviación Española,0,1812.9487704318017
194,Instalación Deportiva Municipal Básica Canal de Panamá,CALLE CANAL DE PANAMA S/N,Bicipark Almagro,"Calle Almagro, 11",4,1182.5739665636793
195,Instalación Deportiva Municipal Básica Canillas - Club Deportivo Canillas,CALLE AGUSTIN DE ITURBIDE 1,Bicipark Recuerdo,"Calle Hiedra, 26",0,431.4114762907848
196,Instalación Deportiva Municipal Básica Carlos II,"CALLE CARLOS II 4 con Austria, 5",Bicipark Villa de Paris,"Calle de Orellana, 23, 21",2,229.25654287729412
197,Instalación Deportiva Municipal Básica Carlos Solé,CALLE CARLOS SOLE 19,Bicipark Aviación,Parking Aviación Española,0,963.119701913558
198,Instalación Deportiva Municipal Básica Carmen Amaya,AVENIDA DOCTOR GARCIA TAPIA 28-30,Bicipark Canalejas,-,0,639.7945978129283
199,Instalación Deportiva Municipal Básica Caronte,CALLE CARONTE 4,Bicipark Aviación,Parking Aviación Española,0,1463.9556402154267
200,Instalación Deportiva Municipal Básica Carril del Conde,"CALLE CARRIL DEL CONDE C/V CALLE DEL PUERTO REAL, 7 ",Bicipark Orense,"Avenida General Perón, 27",6,594.0502326171845
201,Instalación Deportiva Municipal Básica Carrión de los Condes,PLAZA TEMPLARIOS 4,Bicipark Recuerdo,"Calle Hiedra, 26",0,209.5803385246545
202,Instalación Deportiva Municipal Básica Casa Campo,PARQUE CASA DE CAMPO s/n Explanada de la Casa de Campo,Bicipark Montalban,"Calle de Montalbán, 5",1,32.06575321499258
203,Instalación Deportiva Municipal Básica Casa Campo I Lago,PARQUE CASA DE CAMPO s/n Explanada junto al lago,Bicipark Montalban,"Calle de Montalbán, 5",1,58.35430734977126
204,Instalación Deportiva Municipal Básica Casa Campo II Teleférico,PARQUE CASA DE CAMPO s/n Subida al teleférico-Pza. Casón,Bicipark Recoletos,"Paseo de Recoletos, 2",7,85.01708471029997
205,Instalación Deportiva Municipal Básica Casa Campo III,PARQUE CASA CAMPO S/N Paseo Piñoneros - junto a pirámide,Bicipark Villa de Paris,"Calle de Orellana, 23, 21",2,114.78372101392597
206,Instalación Deportiva Municipal Básica Casa Campo IV,PARQUE CASA CAMPO S/N Junto a la M-30 a la altura del C.D.M. José María Cagigal,Bicipark Almagro,"Calle Almagro, 11",4,165.39389836136252
207,Instalación Deportiva Municipal Básica Casalarreina,CALLE CASALARREINA 28,Bicipark Canalejas,-,0,983.1934847924858
208,Instalación Deportiva Municipal Básica Casino de la Reina,CALLE CASINO 3,Bicipark Canalejas,-,0,1207.9206767193973
209,Instalación Deportiva Municipal Básica Castroserna,CALLE CASTROSERNA 2,Bicipark Canalejas,-,0,1702.8387625562027
210,Instalación Deportiva Municipal Básica Cazorla,CALLE IBROS 3,Bicipark Aviación,Parking Aviación Española,0,852.2472506184131
211,Instalación Deportiva Municipal Básica Cementerio Civil,AVENIDA DAROCA 101,Bicipark Recoletos,"Paseo de Recoletos, 2",7,6.545796348713338
212,Instalación Deportiva Municipal Básica Cerro Blanco,"CALLE ALBARDIN C/V CALLE CERRO BLANCO, 30 7 c/v Cerro Blanco, 30",Bicipark Aviación,Parking Aviación Española,0,415.75261660385877
213,Instalación Deportiva Municipal Básica Cerro Cabezuelos,CALLE VILLALOBOS 46,Bicipark Aviación,Parking Aviación Española,0,422.6372936377302
214,Instalación Deportiva Municipal Básica Cerro Castelo,AVENIDA ALBUFERA 146,Bicipark Aviación,Parking Aviación Española,0,856.6300549926236
215,Instalación Deportiva Municipal Básica Cerro Negro,CALLE CERRO NEGRO 5,Bicipark Aviación,Parking Aviación Española,0,1464.4233852997422
216,Instalación Deportiva Municipal Básica Circuito Natural Footing Retiro,PARQUE EL RETIRO ,Bicipark Canalejas,-,0,282.79770452622324
217,Instalación Deportiva Municipal Básica Circuito de Bicicletas Enrique Otero,PARQUE CASA DE CAMPO ,Bicipark Canalejas,-,0,976.4047548277304
218,Instalación Deportiva Municipal Básica Circuito de Footing Casa de Campo,PARQUE CASA DE CAMPO ,Bicipark Recoletos,"Paseo de Recoletos, 2",7,11.105647413060069
219,Instalación Deportiva Municipal Básica Ciudad Pegaso I,CALLE UNO S/N,Bicipark Orense,"Avenida General Perón, 27",6,385.37678370717913
220,Instalación Deportiva Municipal Básica Ciudad Pegaso II,CALLE SEIS S/N,Bicipark Orense,"Avenida General Perón, 27",6,516.856123669073
221,Instalación Deportiva Municipal Básica Ciudad Pegaso III,CALLE ONCE S/N,Bicipark Orense,"Avenida General Perón, 27",6,936.7066057752818
222,Instalación Deportiva Municipal Básica Ciudad de Los Ángeles,CALLE ANOETA S/N Parque ciudad de los Ángeles,Bicipark Aviación,Parking Aviación Española,0,3412.1171507304534
223,Instalación Deportiva Municipal Básica Clara del Rey,CALLE CLARA DEL REY 61,Bicipark Orense,"Avenida General Perón, 27",6,713.0421833619475
224,Instalación Deportiva Municipal Básica Club de Petanca Esperanza de Canilllas,CALLE SILVANO 63 c/v Andorra,Bicipark Orense,"Avenida General Perón, 27",6,726.071332924068
225,Instalación Deportiva Municipal Básica Club de Petanca Peonias,CALLE PEONIAS 2,Bicipark Orense,"Avenida General Perón, 27",6,259.61211145017296
226,Instalación Deportiva Municipal Básica Cocheras (Ciudad Lineal),CALLE SAN LAMBERTO s/n,Bicipark Recoletos,"Paseo de Recoletos, 2",7,232.22437070775777
227,Instalación Deportiva Municipal Básica Cocheras (Retiro),CALLE COCHERAS 1,Bicipark Canalejas,-,0,1907.3814523136243
228,Instalación Deportiva Municipal Básica Colombia,CALLE COLOMBIA 59,Bicipark Orense,"Avenida General Perón, 27",6,532.8627082975581
229,Instalación Deportiva Municipal Básica Colonia Euskalduna,CALLE HERMANDAD DE DONANTES DE SANGRE 7,Bicipark Aviación,Parking Aviación Española,0,3219.6007434902713
230,Instalación Deportiva Municipal Básica Colonia Marconi,AVENIDA MARCONI s/n,Bicipark Aviación,Parking Aviación Española,0,5516.800606805831
231,Instalación Deportiva Municipal Básica Colonia San Cristóbal de Los Ángeles,CALLE ROCAFORT s/n Detrás de E. I. Los Pinos.,Bicipark Aviación,Parking Aviación Española,0,4720.244416614063
232,Instalación Deportiva Municipal Básica Colonia Sierra del Valle,CALLE PAYASO FOFO 9,Bicipark Aviación,Parking Aviación Española,0,783.8793613398448
233,Instalación Deportiva Municipal Básica Colonia los Taxistas,CALLE SIERRA DE CUERDA LARGA 41,Bicipark Aviación,Parking Aviación Española,0,1796.7632844550535
234,Instalación Deportiva Municipal Básica Concejal Gabriel Fernández (Parque Cuña Verde),CALLE CUART DE POBLET 6 c/v Duquesa de Parcent,Bicipark Aviación,Parking Aviación Española,0,1523.7634653141722
235,Instalación Deportiva Municipal Básica Conde Duque,CALLE SANTA CRUZ DE MARCENADO 21,Bicipark Salamanca,Pl. del Marqués de Salamanca,6,157.00814334955066
236,Instalación Deportiva Municipal Básica Condesa de Venadito,CALLE CONDESA DE VENADITO 7,Bicipark Orense,"Avenida General Perón, 27",6,880.8733128942549
237,Instalación Deportiva Municipal Básica Cordel de Pavones,CALLE CORDEL DE PAVONES 11,Bicipark Aviación,Parking Aviación Española,0,1827.3012150935829
238,Instalación Deportiva Municipal Básica Cordel de Pavones I,CALLE CORDEL DE PAVONES 9,Bicipark Canalejas,-,0,946.867303583771
239,Instalación Deportiva Municipal Básica Corregidor Diego de Valderrábano,CALLE CORREGIDOR DIEGO DE VALDERRABANO 24,Bicipark Canalejas,-,0,935.409501850605
240,Instalación Deportiva Municipal Básica Cuevas de Almanzora,CALLE MOJACAR 2,Bicipark Fuente de la Mora,Estación de Fuente de la Mora,1,587.2005855273455
241,Instalación Deportiva Municipal Básica Cuña Verde (Villaamil),CALLE VILLAAMIL C/V CAMINO DEL CHORRILLO 90,Bicipark Recuerdo,"Calle Hiedra, 26",0,709.0115224895999
242,Instalación Deportiva Municipal Básica Cárcavas, Camino de Valdehigueras 46,Bicipark Fuente de la Mora,Estación de Fuente de la Mora,1,587.4030383815989
243,Instalación Deportiva Municipal Básica Cárcavas Oeste I,CALLE CARMEN RICO GODOY 40,Bicipark Fuente de la Mora,Estación de Fuente de la Mora,1,506.11956663616
244,Instalación Deportiva Municipal Básica Cárcavas Oeste II,CALLE SAN ANDRES DE RABANEDO 1,Bicipark Fuente de la Mora,Estación de Fuente de la Mora,1,424.1017143772915
245,Instalación Deportiva Municipal Básica Daniel Casero Gómez (antiguo Sangenjo),CALLE SANGENJO 42,Bicipark Fuente de la Mora,Estación de Fuente de la Mora,1,462.99801310524344
246,Instalación Deportiva Municipal Básica David González Rubio - Pradolongo,CALLE DOCTOR TOLOSA LATOUR 14,Bicipark Aviación,Parking Aviación Española,0,744.5180203737691
247,Instalación Deportiva Municipal Básica Dehesa del Príncipe,AVENIDA ARQUEROS 29,Bicipark Aviación,Parking Aviación Española,0,479.2777831880376
248,Instalación Deportiva Municipal Básica Diana,CALLE GALEON 25,Bicipark Orense,"Avenida General Perón, 27",6,472.62954060547054
249,Instalación Deportiva Municipal Básica Doctor Cirajas,CALLE DOCTOR CIRAJAS 3,Bicipark Almagro,"Calle Almagro, 11",4,573.8360047582537
250,Instalación Deportiva Municipal Básica Doctor Vallejo-Nájera,CALLE GASOMETRO 32 c/v Vallejo Nájera,Bicipark Canalejas,-,0,1721.954747770913
251,Instalación Deportiva Municipal Básica Drácena,CALLE DRACENA 42,Bicipark Recuerdo,"Calle Hiedra, 26",0,908.5051499800757
252,Instalación Deportiva Municipal Básica Duque de Sevilla,CALLE DUQUE DE SEVILLA 1,Bicipark Almagro,"Calle Almagro, 11",4,1258.470962596126
253,Instalación Deportiva Municipal Básica Echegaray,CALLE ENCOMIENDA DE PALACIOS 324,Bicipark Aviación,Parking Aviación Española,0,1526.2062824992463
254,Instalación Deportiva Municipal Básica El Bosco,CALLE EL BOSCO 14 frente Ramón Pérez de Ayala,Bicipark Canalejas,-,0,1817.2586621977389
255,Instalación Deportiva Municipal Básica El Bosque,PLAZA GOLMAYO 17,Bicipark Recuerdo,"Calle Hiedra, 26",0,586.79395553004
256,Instalación Deportiva Municipal Básica El Capricho I,PASEO ALAMEDA DE OSUNA 48,Bicipark Orense,"Avenida General Perón, 27",6,148.2990097925067
257,Instalación Deportiva Municipal Básica El Cruce,CALLE SANTIAGO AMON 6y8,Bicipark Aviación,Parking Aviación Española,0,3845.4775314414874
258,Instalación Deportiva Municipal Básica El Espinillo I,CALLE TERTULIA 7,Bicipark Aviación,Parking Aviación Española,0,2439.6778206005692
259,Instalación Deportiva Municipal Básica El Espinillo III,CALLE UNANIMIDAD 39,Bicipark Aviación,Parking Aviación Española,0,2674.9846594240516
260,Instalación Deportiva Municipal Básica El Parque,PASEO COMANDANTE FORTEA 25,Bicipark Villa de Paris,"Calle de Orellana, 23, 21",2,31.91724501736462
261,Instalación Deportiva Municipal Básica El Pedernoso - Parque de Villa Rosa - Paco Caño,CALLE PEDROÑERAS (cubierta P.A.R.) 42,Bicipark Recuerdo,"Calle Hiedra, 26",0,574.9292861456051
262,Instalación Deportiva Municipal Básica El Torero,CALLE TORERO C/V CALLE ANTONIO LÓPEZ 10 c/v Antonio López (Parque El Torero),Bicipark Aviación,Parking Aviación Española,0,978.0638292040676
263,Instalación Deportiva Municipal Básica El Vandel,CALLE FLORENCIO CANO CRISTOBAL 9 esq. Pasaje Poveda,Bicipark Canalejas,-,0,833.6433723941445
264,Instalación Deportiva Municipal Básica El Yesero,CALLE EL YESERO 1,Bicipark Aviación,Parking Aviación Española,0,232.5621689669788
265,Instalación Deportiva Municipal Básica Electra,CALLE CRONOS 65,Bicipark Almagro,"Calle Almagro, 11",4,1214.8534233011305
266,Instalación Deportiva Municipal Básica Enrique Tierno Galván,PARQUE ENRIQUE TIERNO GALVAN ,Bicipark Aviación,Parking Aviación Española,0,1267.3920490937307
267,Instalación Deportiva Municipal Básica Eros,CALLE EROS 6,Bicipark Aviación,Parking Aviación Española,0,1117.023065934889
268,Instalación Deportiva Municipal Básica Esfinge,CALLE ESFINGE 60 c/v Circe,Bicipark Orense,"Avenida General Perón, 27",6,1189.0749115059152
269,Instalación Deportiva Municipal Básica Esperanza I - Agrupación Deportiva Esperanza,CALLE SILVANO 65,Bicipark Orense,"Avenida General Perón, 27",6,775.5483338646591
270,Instalación Deportiva Municipal Básica Esperanza II,CALLE SILVANO 61,Bicipark Orense,"Avenida General Perón, 27",6,680.0733225978911
271,Instalación Deportiva Municipal Básica Estanque de las Tormentas,CALLE ARROYO DE POZUELO 6,Bicipark Orense,"Avenida General Perón, 27",6,157.01260333694518
272,Instalación Deportiva Municipal Básica Estefanita,CALLE ESTEFANITA 7 Detrás del CEIP El Greco,Bicipark Aviación,Parking Aviación Española,0,4211.273834053427
273,Instalación Deportiva Municipal Básica Estíbaliz,CALLE ESTIBALIZ 30,Bicipark Recuerdo,"Calle Hiedra, 26",0,323.32060113735497
274,Instalación Deportiva Municipal Básica Euterpe,CALLE EUTERPE 1,Bicipark Orense,"Avenida General Perón, 27",6,609.3851522738114
275,Instalación Deportiva Municipal Básica Eva Duarte,CALLE DOCTOR GOMEZ ULLA 9,Bicipark Salamanca,Pl. del Marqués de Salamanca,6,37.93329623807222
276,Instalación Deportiva Municipal Básica Evangelios-Almendrales,CALLE EVANGELIOS 4,Bicipark Aviación,Parking Aviación Española,0,25.95226050913334
277,Instalación Deportiva Municipal Básica Fermín Caballero,CALLE FERMIN CABALLERO 88,Bicipark Fuente de la Mora,Estación de Fuente de la Mora,1,593.575534039177
278,Instalación Deportiva Municipal Básica Francisco Laguna,CALLE FRANCISCO LAGUNA 26,Bicipark Aviación,Parking Aviación Española,0,781.5056897597387
279,Instalación Deportiva Municipal Básica Francisco de Goya (antigua Mozart),INST. DEPORTIVA BASICA MOZART ,Bicipark Villa de Paris,"Calle de Orellana, 23, 21",2,24.359123007394373
280,Instalación Deportiva Municipal Básica Frontón Orcasitas,AVENIDA RAFAELA YBARRA 103 Parque de Orcasitas,Bicipark Aviación,Parking Aviación Española,0,1429.8943605879322
281,Instalación Deportiva Municipal Básica Frontón Polideportivo San Fermín,CALLE SAN MAXIMO 10,Bicipark Aviación,Parking Aviación Española,0,823.2706131851301
282,Instalación Deportiva Municipal Básica Frontón San Fermín,CAMINO DE PERALES 136 c/v calle de Torrox,Bicipark Aviación,Parking Aviación Española,0,1512.3477994948626
283,Instalación Deportiva Municipal Básica Frontón Tudelillas,AVENIDA PABLO IGLESIAS 62,Bicipark Orense,"Avenida General Perón, 27",6,142.7794317174703
284,Instalación Deportiva Municipal Básica Frontón Zofio (antiguo Zofío II),CALLE RICARDO BELTRAN Y ROZPIDE 16,Bicipark Aviación,Parking Aviación Española,0,396.9214846882969
285,Instalación Deportiva Municipal Básica Fuente Espina,CALLE FUENTESPINA 29,Bicipark Aviación,Parking Aviación Española,0,469.57883597072214
286,Instalación Deportiva Municipal Básica Fuente de Lima,CALLE FUENTE DE LIMA 24,Bicipark Aviación,Parking Aviación Española,0,104.0173184974119
287,Instalación Deportiva Municipal Básica Fuerte de Navidad,CALLE FUERTE DE NAVIDAD  c/v La Isabela,Bicipark Aviación,Parking Aviación Española,0,266.91432819515467
288,Instalación Deportiva Municipal Básica Félix Rodríguez de la Fuente,CALLE FELIX RODRIGUEZ DE LA FUENTE 3,Bicipark Canalejas,-,0,347.81175322271883
289,Instalación Deportiva Municipal Básica Galeón,CALLE GALEON 3,Bicipark Orense,"Avenida General Perón, 27",6,327.4835003297776
290,Instalación Deportiva Municipal Básica Garrovillas,PLAZA GARROVILLAS S/N,Bicipark Aviación,Parking Aviación Española,0,375.68610913399607
291,Instalación Deportiva Municipal Básica General Millán Astray,CALLE GENERAL MILLAN ASTRAY 4,Bicipark Aviación,Parking Aviación Española,0,457.70461448282003
292,Instalación Deportiva Municipal Básica Glorieta Avenida San Luis,CALLE Añastro 78,Bicipark Recuerdo,"Calle Hiedra, 26",0,583.8743302188814
293,Instalación Deportiva Municipal Básica Glorieta de Segovia,PASEO Ciudad de Plasencia ,Bicipark Canalejas,-,0,595.2756970822811
294,Instalación Deportiva Municipal Básica Gran Vía de Hortaleza,AVENIDA GRAN VIA DE HORTALEZA 1,Bicipark Recuerdo,"Calle Hiedra, 26",0,849.5233512911946
295,Instalación Deportiva Municipal Básica Guadalajara,AVENIDA GUADALAJARA S/N,Bicipark Recoletos,"Paseo de Recoletos, 2",7,14.562358789145947
296,Instalación Deportiva Municipal Básica Hermanos Trueba,CALLE HERMANOS TRUEBA 30,Bicipark Aviación,Parking Aviación Española,0,244.76730689406395
297,Instalación Deportiva Municipal Básica Hogar del Ferroviario,"AVENIDA MEDITERRANEO S/N Colonia Ferroviarios, frente a Manuel Mª Arrillaga, 51",Bicipark Canalejas,-,0,1207.6561201196164
298,Instalación Deportiva Municipal Básica Hornero,CALLE HORNERO 1,Bicipark Aviación,Parking Aviación Española,0,525.9960490819067
299,Instalación Deportiva Municipal Básica Huerta de la Salud,CALLE ALCOBENDAS 3,Bicipark Recuerdo,"Calle Hiedra, 26",0,293.3658625083044
300,Instalación Deportiva Municipal Básica Illescas,CALLE ILLESCAS  c/v Pº Extremadura,Bicipark Aviación,Parking Aviación Española,0,1534.5524476291612
301,Instalación Deportiva Municipal Básica Imagen,CALLE IMAGEN 23,Bicipark Aviación,Parking Aviación Española,0,14.33399617485702
302,Instalación Deportiva Municipal Básica Isabel Patacón,CALLE ISABEL PATACON S/N Barrio de Buenavista,Bicipark Aviación,Parking Aviación Española,0,1460.7794403126463
303,Instalación Deportiva Municipal Básica Isla de Tabarca,CALLE SANTIAGO DE COMPOSTELA 104 c/v Isla de Tabarca,Bicipark Recuerdo,"Calle Hiedra, 26",0,488.7533451030031
304,Instalación Deportiva Municipal Básica Iván de Vargas,TRAVESIA IVAN DE VARGAS 4,Bicipark Canalejas,-,0,1670.9271006379277
305,Instalación Deportiva Municipal Básica Jacinto Verdaguer,CALLE JACINTO VERDAGUER 17,Bicipark Aviación,Parking Aviación Española,0,1343.994598152116
306,Instalación Deportiva Municipal Básica Jardines Alhambra,CALLE ALHAMBRA  c/v Carlos Fuentes,Bicipark Canalejas,-,0,1655.3333015348762
307,Instalación Deportiva Municipal Básica Jardines General Fanjul,AVENIDA LAS AGUILAS ,Bicipark Aviación,Parking Aviación Española,0,189.94953898526728
308,Instalación Deportiva Municipal Básica Jardines Vía Carpetana,CALLE VIA CARPETANA S/N c/v Laguna,Bicipark Aviación,Parking Aviación Española,0,1005.465001322329
309,Instalación Deportiva Municipal Básica Jardines de Bucaramanga,AVENIDA BUCARAMANGA 2,Bicipark Recuerdo,"Calle Hiedra, 26",0,28.14380833134055
310,Instalación Deportiva Municipal Básica Jardín Campo de la Paloma,INST. DEPORTIVA BASICA JARDIN CAMPO DE LA PALOMA  frente al 36-38,Bicipark Aviación,Parking Aviación Española,0,159.151174813509
311,Instalación Deportiva Municipal Básica Jardín Canarias,CALLE CANARIAS 19,Bicipark Canalejas,-,0,1732.9720564018935
312,Instalación Deportiva Municipal Básica Jardín Chico de la Eterna Sonrisa,CALLE LA RIOJA 25,Bicipark Orense,"Avenida General Perón, 27",6,734.9255623994395
313,Instalación Deportiva Municipal Básica Jardín Papelera Peninsular,CALLE ARGANDA 3,Bicipark Aviación,Parking Aviación Española,0,1861.1880752202123
314,Instalación Deportiva Municipal Básica Jardín de Portugalete,CALLE ULISES 23,Bicipark Orense,"Avenida General Perón, 27",6,492.75674079265445
315,Instalación Deportiva Municipal Básica Jazmin,CALLE JAZMIN 36,Bicipark Fuente de la Mora,Estación de Fuente de la Mora,1,674.8581245560199
316,Instalación Deportiva Municipal Básica Jesús Aprendiz,CALLE ANTONIO DIAZ-CAÑABATE 9 c/v Arias Montano,Bicipark Canalejas,-,0,955.8010837212205
317,Instalación Deportiva Municipal Básica Jesús Divino Obrero,CALLE HUMANES 10,Bicipark Aviación,Parking Aviación Española,0,1337.8413212187588
318,Instalación Deportiva Municipal Básica Joaquín Ibarra,CALLE JOAQUIN IBARRA S/N Frente al nº 24,Bicipark Orense,"Avenida General Perón, 27",6,775.4751071240753
319,Instalación Deportiva Municipal Básica José Durán,AVENIDA PARQUE DE PALOMERAS BAJAS 10,Bicipark Aviación,Parking Aviación Española,0,328.0661080572754
320,Instalación Deportiva Municipal Básica José Luis Sánchez Juez (antiguo Los Coronales),CALLE BAHIA DE MALAGA 5,Bicipark Recuerdo,"Calle Hiedra, 26",0,606.4410572666675
321,Instalación Deportiva Municipal Básica José de Cadalso,CALLE JOSE DE CADALSO  C/V General Romero Basart,Bicipark Aviación,Parking Aviación Española,0,632.609722324647
322,Instalación Deportiva Municipal Básica José de Pasamonte,AVENIDA DOCTOR GARCIA TAPIA 51,Bicipark Canalejas,-,0,658.6621011877432
323,Instalación Deportiva Municipal Básica Juan Clemente Núñez,CALLE JUAN CLEMENTE 1,Bicipark Orense,"Avenida General Perón, 27",6,1000.7542750583962
324,Instalación Deportiva Municipal Básica Juan de Mariana,CALLE JUAN DE MARIANA 8,Bicipark Aviación,Parking Aviación Española,0,1668.9877404058352
325,Instalación Deportiva Municipal Básica Juan de Vera,PLAZA CASAR DE CACERES  (Juan de Vera - Batalla de Belchite),Bicipark Aviación,Parking Aviación Española,0,1411.556414370425
326,Instalación Deportiva Municipal Básica Julián González,CALLE JULIAN GONZALEZ 4,Bicipark Aviación,Parking Aviación Española,0,1689.153399253264
327,Instalación Deportiva Municipal Básica La Albufera,AVENIDA ALBUFERA 287 frente al 36-38,Bicipark Aviación,Parking Aviación Española,0,435.52598804049194
328,Instalación Deportiva Municipal Básica La Cabrera,CALLE LA CABRERA 33,Bicipark Recuerdo,"Calle Hiedra, 26",0,25.47773826867342
329,Instalación Deportiva Municipal Básica La Chimenea,CALLE VALLANDES 5 c/v Hermenegildo Bielsa y Calesas,Bicipark Aviación,Parking Aviación Española,0,831.1818087790161
330,Instalación Deportiva Municipal Básica La Chopera,CALLE ESCULTOR PERESEJO 86,Bicipark Orense,"Avenida General Perón, 27",6,30.512251446954906
331,Instalación Deportiva Municipal Básica La Diligencia,CALLE DILGENCIA 7 c/v calle Puerto Velate,Bicipark Aviación,Parking Aviación Española,0,792.5636992352083
332,Instalación Deportiva Municipal Básica La Mancha,CALLE TOMELLOSO 21 Próximo a la Av. de Córdoba (P.D. Almendral),Bicipark Aviación,Parking Aviación Española,0,315.462580120191
333,Instalación Deportiva Municipal Básica La Masó,CALLE LA MASO 34 c/v Collado de Cerro Malejo,Bicipark Fuente de la Mora,Estación de Fuente de la Mora,1,588.0910895606503
334,Instalación Deportiva Municipal Básica La Perla,CALLE CORINDON 3,Bicipark Aviación,Parking Aviación Española,0,1804.9640213521197
335,Instalación Deportiva Municipal Básica Laminador de Tormentas - Valdebebas,calle Antonio Flórez s/n esquina avenida Francisco Javier Sáenz de Oiza ,Bicipark Fuente de la Mora,Estación de Fuente de la Mora,1,484.2676675338298
336,Instalación Deportiva Municipal Básica Las Rosas,AVENIDA NIZA s/n,Bicipark Villa de Paris,"Calle de Orellana, 23, 21",2,108.47159849759191
337,Instalación Deportiva Municipal Básica Las Vistillas,PLAZA GABRIEL MIRO ,Bicipark Canalejas,-,0,595.2756970822811
338,Instalación Deportiva Municipal Básica Lili Alvarez,"CALLE LA RIVIERA 4 c/v calle Provenza, 3 Cañón Río Lobos",Bicipark Canalejas,-,0,1334.1672790460289
339,Instalación Deportiva Municipal Básica Lonja de la Seda,CALLE LONJA DE LA SEDA 32 Parc. 2.1 del P.A.U. de Carabanchel,Bicipark Aviación,Parking Aviación Española,0,1950.9449566472322
340,Instalación Deportiva Municipal Básica Los Arbolitos,INST. DEPORTIVA BASICA RONDA SUR ,Bicipark Aviación,Parking Aviación Española,0,1000.6998688699678
341,Instalación Deportiva Municipal Básica Los Caprichos,AVENIDA CAPRICHOS 1,Bicipark Canalejas,-,0,1336.9725868348032
342,Instalación Deportiva Municipal Básica Los Cármenes,CALLE ALHAMBRA 35,Bicipark Aviación,Parking Aviación Española,0,1555.5968641992658
343,Instalación Deportiva Municipal Básica Los Llanos,CALLE FLORENCIO CASTILLO 3,Bicipark Orense,"Avenida General Perón, 27",6,883.0196189638227
344,Instalación Deportiva Municipal Básica Los Morales,CALLE MORALES 31 Parc. 3.16.2 del P.A.U. de Carabanchel,Bicipark Aviación,Parking Aviación Española,0,2559.48287644051
345,Instalación Deportiva Municipal Básica Los Morales - Patrimonio Humanidad I,CALLE PATRIMONIO DE LA HUMANIDAD 37 Parc. 3.10.4 del P.A.U. de Carabanchel,Bicipark Aviación,Parking Aviación Española,0,2380.979827870615
346,Instalación Deportiva Municipal Básica Los Morales - Patrimonio Humanidad II,"CALLE MORALES  C/ Patrimonio de la Humanidad, 27. Parc. 3.11.3 del P.A.U. de Carabanchel",Bicipark Aviación,Parking Aviación Española,0,2594.8383600264788
347,Instalación Deportiva Municipal Básica Los Poblados,AVENIDA POBLADOS  C/V Antig. Carretera a Leganés,Bicipark Aviación,Parking Aviación Española,0,1111.7286280700937
348,Instalación Deportiva Municipal Básica Los Rosales I,AVENIDA LOS ROSALES 131,Bicipark Aviación,Parking Aviación Española,0,3533.0147003550082
349,Instalación Deportiva Municipal Básica Lucano,CALLE LUCANO  c/v Esfinge,Bicipark Almagro,"Calle Almagro, 11",4,965.6435598218814
350,Instalación Deportiva Municipal Básica Luis Buitrago,CALLE LUIS BUITRAGO 7,Bicipark Recuerdo,"Calle Hiedra, 26",0,106.59217814914882
351,Instalación Deportiva Municipal Básica Luis Mitjans,CALLE LUIS MITJANS 15,Bicipark Canalejas,-,0,1832.3459886834025
352,Instalación Deportiva Municipal Básica Lyon - Flandes,"CALLE LYON 136 (c/v Calle Flandes, 4 posterior)",Bicipark Canalejas,-,0,1065.076170056127
353,Instalación Deportiva Municipal Básica Machupichu,AVENIDA MACHUPICHU 50,Bicipark Orense,"Avenida General Perón, 27",6,883.492415140383
354,Instalación Deportiva Municipal Básica Madrid - Las Tablas,CALLE FROMISTA 5,Bicipark Pitis,"Calle Pau Arroyo del Fresno, 181",3,1490.208331395872
355,Instalación Deportiva Municipal Básica Madrid Sur,CALLE PUERTO DE VELATE 18,Bicipark Aviación,Parking Aviación Española,0,5.217790612950921
356,Instalación Deportiva Municipal Básica Mallorca,CALLE AGASTIA  esq. Juan Pérez de Zúñiga,Bicipark Orense,"Avenida General Perón, 27",6,1093.0108553338796
357,Instalación Deportiva Municipal Básica Manizales,CALLE GALAPA 10 c/v Avda. Manizales,Bicipark Recuerdo,"Calle Hiedra, 26",0,185.34839248191565
358,Instalación Deportiva Municipal Básica Mar de Japón,CALLE MAR DEL JAPON 7,Bicipark Recuerdo,"Calle Hiedra, 26",0,86.51077524852008
359,Instalación Deportiva Municipal Básica Maracena,CALLE MARACENA 1 c/v Moreja -Orcasur-,Bicipark Aviación,Parking Aviación Española,0,1583.4054208043963
360,Instalación Deportiva Municipal Básica Maris Stella,CALLE DOCTOR TOLOSA LATOUR 18 Frente C. Informat. S.S.,Bicipark Aviación,Parking Aviación Española,0,876.2847651159391
361,Instalación Deportiva Municipal Básica Martala I,CALLE PICO DE LOS ARTILLEROS 5 posterior,Bicipark Canalejas,-,0,990.9543836694211
362,Instalación Deportiva Municipal Básica Maruja Mallo,AVENIDA MARUJA MALLO 7 c/v Conchita Montes,Bicipark Recuerdo,"Calle Hiedra, 26",0,642.5056960433722
363,Instalación Deportiva Municipal Básica María Inmaculada,CAMINO CRUCES  frente Condesa de Teba,Bicipark Aviación,Parking Aviación Española,0,1162.841980916448
364,Instalación Deportiva Municipal Básica María de Austria,PARQUE EMPERATRIZ MARÍA DE AUSTRIA  Parque Sur,Bicipark Aviación,Parking Aviación Española,0,448.95125970058143
365,Instalación Deportiva Municipal Básica Matilde Gayo,CALLE MATILDE GAYO 4,Bicipark Aviación,Parking Aviación Española,0,717.6578426631168
366,Instalación Deportiva Municipal Básica Maíz,CALLE RICARDO BELTRAN Y ROZPIDE 28 frente calle Maíz,Bicipark Aviación,Parking Aviación Española,0,899.3936415277421
367,Instalación Deportiva Municipal Básica Medio Amposta,CALLE ALBERIQUE  c/v Alconera,Bicipark Salamanca,Pl. del Marqués de Salamanca,6,145.52558306697756
368,Instalación Deportiva Municipal Básica Mercedes Arteaga,CALLE MERCEDES ARTEAGA S/N c/v San Pantaleón,Bicipark Aviación,Parking Aviación Española,0,1042.2805852843449
369,Instalación Deportiva Municipal Básica Miguel Aracil,CALLE JOAQUIN LORENZO 39,Bicipark Recuerdo,"Calle Hiedra, 26",0,202.4241664102301
370,Instalación Deportiva Municipal Básica Miguel Hernández (Parque lineal del Manzanares),AVENIDA MIGUEL HERNANDEZ 48 frente al 36-38,Bicipark Aviación,Parking Aviación Española,0,558.5054453099146
371,Instalación Deportiva Municipal Básica Miguel Riesco,CALLE MIGUEL RIESCO 7,Bicipark Recuerdo,"Calle Hiedra, 26",0,1062.9569758148864
372,Instalación Deportiva Municipal Básica Miguel Riesco - Ramón Power,CALLE MIGUEL RIESCO 1,Bicipark Orense,"Avenida General Perón, 27",6,997.548854732886
373,Instalación Deportiva Municipal Básica Miguel Yuste,CALLE MIGUEL YUSTE  c/v Emilio Muñoz,Bicipark Almagro,"Calle Almagro, 11",4,443.4757474353537
374,Instalación Deportiva Municipal Básica Minaya,CALLE MINAYA 5,Bicipark Recuerdo,"Calle Hiedra, 26",0,456.7542920904234
375,Instalación Deportiva Municipal Básica Mirador de la Reina (Cerro Minguete),CALLE MIRADOR DE LA REINA 2 c/v Cerro Minguete,Bicipark Fuente de la Mora,Estación de Fuente de la Mora,1,312.5984052242711
376,Instalación Deportiva Municipal Básica Mirasierra,CALLE NURIA 83,Bicipark Pitis,"Calle Pau Arroyo del Fresno, 181",3,116.94315061718225
377,Instalación Deportiva Municipal Básica Molino,PASEO MOLINO 2,Bicipark Aviación,Parking Aviación Española,0,778.7470369525254
378,Instalación Deportiva Municipal Básica Mondariz,PLAZA MONDARIZ 1,Bicipark Fuente de la Mora,Estación de Fuente de la Mora,1,652.3455170579255
379,Instalación Deportiva Municipal Básica Monovar,CALLE MONOVAR 3,Bicipark Recuerdo,"Calle Hiedra, 26",0,334.6171147627756
380,Instalación Deportiva Municipal Básica Montalbos,CALLE MONTALBOS 14,Bicipark Recuerdo,"Calle Hiedra, 26",0,888.626564912498
381,Instalación Deportiva Municipal Básica Montecarmelo,CALLE MONASTERIO DE EL PAULAR 138,Bicipark Pitis,"Calle Pau Arroyo del Fresno, 181",3,500.5400588484481
382,Instalación Deportiva Municipal Básica Montecarmelo McDonald´s,AVENIDA MONTECARMELO 1,Bicipark Pitis,"Calle Pau Arroyo del Fresno, 181",3,656.5163224507123
383,Instalación Deportiva Municipal Básica Mártires Maristas,AVENIDA MARTIRES MARISTAS 2 c/v Antonio Machado,Bicipark Orense,"Avenida General Perón, 27",6,1031.5709089413285
384,Instalación Deportiva Municipal Básica Nevado de Cumbal,CALLE NEVADO DEL CUMBAL 4,Bicipark Recuerdo,"Calle Hiedra, 26",0,349.4300221661106
385,Instalación Deportiva Municipal Básica Nicolasa Gómez,CALLE NICOLASA GOMEZ 1,Bicipark Orense,"Avenida General Perón, 27",6,945.0376167101786
386,Instalación Deportiva Municipal Básica Novecento,CALLE NOVECENTO 6,Bicipark Aviación,Parking Aviación Española,0,671.3371944557875
387,Instalación Deportiva Municipal Básica Nuestra Señora de Loreto,CALLE TIMON 16,Bicipark Recuerdo,"Calle Hiedra, 26",0,24.156657757237554
388,Instalación Deportiva Municipal Básica Nuestra Señora de la Paloma,CARRERA SAN FRANCISCO 4,Bicipark Canalejas,-,0,735.9632449755445
389,Instalación Deportiva Municipal Básica Nueva Esperanza,CALLE ANOETA 1,Bicipark Aviación,Parking Aviación Española,0,3436.227701291442
390,Instalación Deportiva Municipal Básica Ontanilla,AVENIDA LOS POBLADOS  C/V Ontanilla,Bicipark Aviación,Parking Aviación Española,0,999.9238743754104
391,Instalación Deportiva Municipal Básica Orcasur II,AVENIDA ORCASUR 53,Bicipark Aviación,Parking Aviación Española,0,2004.4958208985627
392,Instalación Deportiva Municipal Básica Orión-Jupiter,CALLE ORION 52,Bicipark Recuerdo,"Calle Hiedra, 26",0,426.5621326370165
393,Instalación Deportiva Municipal Básica Oscar y Jesús,CALLE SOLEDAD CAZORLA 22,Bicipark Aviación,Parking Aviación Española,0,884.0637999754399
394,Instalación Deportiva Municipal Básica Oyarzun,PLAZA OYARZUN 1,Bicipark Aviación,Parking Aviación Española,0,1692.2328469641507
395,Instalación Deportiva Municipal Básica P.A.R. Antonio López,CALLE ANTONIO LOPEZ 27,Bicipark Aviación,Parking Aviación Española,0,1445.035635439679
396,Instalación Deportiva Municipal Básica P.A.R. Avda. Marqués de Corbera,AVENIDA MARQUES DE CORBERA 62,Bicipark Villa de Paris,"Calle de Orellana, 23, 21",2,182.83995009213686
397,Instalación Deportiva Municipal Básica P.A.R. Avenida Rafaela Ybarra,AVENIDA RAFAELA YBARRA 51,Bicipark Aviación,Parking Aviación Española,0,317.9666025508195
398,Instalación Deportiva Municipal Básica P.A.R. Manuel Noya,CALLE MANUEL NOYA 2 junto Puente Los Capuchinos,Bicipark Aviación,Parking Aviación Española,0,621.1371725024655
399,Instalación Deportiva Municipal Básica P.A.R. Ramón Gómez de la Serna,CALLE RAMON GOMEZ DE LA SERNA 49,Bicipark Fuente de la Mora,Estación de Fuente de la Mora,1,124.13285709545016
400,Instalación Deportiva Municipal Básica Pablo Casals,PASEO ERMITA DEL SANTO 10,Bicipark Canalejas,-,0,622.6643938207999
401,Instalación Deportiva Municipal Básica Padre Claret,CALLE PADRE CLARET 18,Bicipark Orense,"Avenida General Perón, 27",6,373.5223194528371
402,Instalación Deportiva Municipal Básica Padre Damián,CALLE PADRE DAMIAN 24,Bicipark Orense,"Avenida General Perón, 27",6,389.24450246058404
403,Instalación Deportiva Municipal Básica Palomeras Bajas,CALLE PUERTO DE BALBARAN 6,Bicipark Aviación,Parking Aviación Española,0,614.8119601961225
404,Instalación Deportiva Municipal Básica Parque Adelfas,CALLE MARTINEZ CORROCHANO esquina  con calle Luis Mitjans 26,Bicipark Canalejas,-,0,1617.634593945928
405,Instalación Deportiva Municipal Básica Parque Alfredo Kraus,CALLE MAR ADRIATICO 7,Bicipark Recuerdo,"Calle Hiedra, 26",0,253.85140642151237
406,Instalación Deportiva Municipal Básica Parque Aluche,CALLE VALMOJADO 4,Bicipark Aviación,Parking Aviación Española,0,1476.507633227855
407,Instalación Deportiva Municipal Básica Parque Arroyo Fresno,AVENIDA VENTISQUERO DE LA CONDESA 43,Bicipark Pitis,"Calle Pau Arroyo del Fresno, 181",3,345.03814353607595
408,Instalación Deportiva Municipal Básica Parque Arroyo Pozuelo I,CALLE ARROYO DE POZUELO 10,Bicipark Orense,"Avenida General Perón, 27",6,163.91678260918707
409,Instalación Deportiva Municipal Básica Parque Boadilla,CARRETERA BOADILLA DEL MONTE 1,Bicipark Aviación,Parking Aviación Española,0,1706.461622390896
410,Instalación Deportiva Municipal Básica Parque Breogán,AVENIDA BRASILIA 2,Bicipark Almagro,"Calle Almagro, 11",4,754.7504502404481
411,Instalación Deportiva Municipal Básica Parque Calle Onil,CALLE NAVIA 12 c/v Luis Chamizo,Bicipark Aviación,Parking Aviación Española,0,290.5421563265845
412,Instalación Deportiva Municipal Básica Parque Caramuel,CALLE SEPULVEDA s/n,Bicipark Canalejas,-,0,1263.1529405582696
413,Instalación Deportiva Municipal Básica Parque Cedral,"CALLE RODRIGUEZ ILLANES S/N esq. Arturo Soria, 233",Bicipark Recuerdo,"Calle Hiedra, 26",0,1061.5480727450922
414,Instalación Deportiva Municipal Básica Parque Cerro Almodovar,PARQUE CERRO ALMODOVAR ,Bicipark Aviación,Parking Aviación Española,0,1270.675389927812
415,Instalación Deportiva Municipal Básica Parque Cerro Almodóvar,CALLE CERRO DE ALMODOVAR 9,Bicipark Aviación,Parking Aviación Española,0,200.74405561666936
416,Instalación Deportiva Municipal Básica Parque Cuña Verde,AVENIDA DAROCA 300,Bicipark Canalejas,-,0,903.2885497836396
417,Instalación Deportiva Municipal Básica Parque Darwin,AVENIDA MORATALAZ 93,Bicipark Canalejas,-,0,1273.9342968463898
418,Instalación Deportiva Municipal Básica Parque Deportivo Doctor García Tapia 1,CALLE CARMEN AMAYA 3 Posterior,Bicipark Canalejas,-,0,628.0391703667119
419,Instalación Deportiva Municipal Básica Parque Deportivo Doctor García Tapia 2,CALLE CARMEN AMAYA 1 posterior,Bicipark Canalejas,-,0,628.173283717595
420,Instalación Deportiva Municipal Básica Parque Doña Guiomar II,CARRETERA ESTACION DE HORTALEZA 7,Bicipark Recuerdo,"Calle Hiedra, 26",0,398.92015737947077
421,Instalación Deportiva Municipal Básica Parque Doña Guiomar III,CALLE MONÓVAR 4,Bicipark Recuerdo,"Calle Hiedra, 26",0,449.19205235503614
422,Instalación Deportiva Municipal Básica Parque El Calero,CALLE VIRGEN DE NURIA S/N,Bicipark Almagro,"Calle Almagro, 11",4,659.6427865615115
423,Instalación Deportiva Municipal Básica Parque Estafeta,CALLE ESTAFETA 4,Bicipark Aviación,Parking Aviación Española,0,1054.5584964575246
424,Instalación Deportiva Municipal Básica Parque Eugenia de Montijo,CALLE PARQUE EUGENIA DE MONTIJO S/N,Bicipark Aviación,Parking Aviación Española,0,581.1501474902034
425,Instalación Deportiva Municipal Básica Parque Gabriela Mistral,CALLE ROSALIA DE CASTRO 69,Bicipark Fuente de la Mora,Estación de Fuente de la Mora,1,24.07589651364833
426,Instalación Deportiva Municipal Básica Parque General García Escámez,CALLE ANSELMO LORENZO  Jardines Gral. García Escámez,Bicipark Aviación,Parking Aviación Española,0,84.81390273571014
427,Instalación Deportiva Municipal Básica Parque Huerta de la Salud,CALLE MAR DE LAS ANTILLAS 10,Bicipark Recuerdo,"Calle Hiedra, 26",0,367.6910912338644
428,Instalación Deportiva Municipal Básica Parque Huerta del Obispo,CALLE JUAN PEÑALVER 34 c/v CALLE PALOMARES,Bicipark Aviación,Parking Aviación Española,0,4126.663963555358
429,Instalación Deportiva Municipal Básica Parque Juan Pablo II (pádel),AVENIDA PICEAS 13,Bicipark Orense,"Avenida General Perón, 27",6,466.2048897827044
430,Instalación Deportiva Municipal Básica Parque Juan Pablo II (rugby),AVENIDA PICEAS 13,Bicipark Orense,"Avenida General Perón, 27",6,466.2048897827044
431,Instalación Deportiva Municipal Básica Parque La Viña,CALLE CONCEJO DE TEVERGA 2,Bicipark Aviación,Parking Aviación Española,0,325.8613176988438
432,Instalación Deportiva Municipal Básica Parque Luis Buñuel,CALLE LUIS BUÑUEL 12,Bicipark Aviación,Parking Aviación Española,0,362.7196124289185
433,Instalación Deportiva Municipal Básica Parque Madrid Sur - La Diligencia,CALLE LA DILIGENCIA 5 Parque Madrid Sur,Bicipark Aviación,Parking Aviación Española,0,22.14847215823829
434,Instalación Deportiva Municipal Básica Parque Manoteras - Vélez Rubio,CALLE BACARES 20,Bicipark Recuerdo,"Calle Hiedra, 26",0,441.45455483160913
435,Instalación Deportiva Municipal Básica Parque Manuel Azaña,CALLE JAZMÍN 51,Bicipark Almagro,"Calle Almagro, 11",4,208.8783449754119
436,Instalación Deportiva Municipal Básica Parque Marchamalo,CALLE MARCHAMALO 15,Bicipark Aviación,Parking Aviación Española,0,1428.7526217075065
437,Instalación Deportiva Municipal Básica Parque Martala I,CALLE PICO DE LOS ARTILLEROS 5,Bicipark Canalejas,-,0,990.9543836694211
438,Instalación Deportiva Municipal Básica Parque Martala II,CALLE PICO DE LOS ARTILLEROS 21,Bicipark Canalejas,-,0,1214.0216391989961
439,Instalación Deportiva Municipal Básica Parque Mujeres de Orcasitas,RONDA COOPERATIVAS 6,Bicipark Aviación,Parking Aviación Española,0,1796.8381396979094
440,Instalación Deportiva Municipal Básica Parque Norte,CALLE Arzobispo Morcillo 9 c/v Frómista,Bicipark Pitis,"Calle Pau Arroyo del Fresno, 181",3,889.7524254852906
441,Instalación Deportiva Municipal Básica Parque Olof Palme,CALLE CERECINOS 4 Parque Olof Palme,Bicipark Aviación,Parking Aviación Española,0,160.64004494901747
442,Instalación Deportiva Municipal Básica Parque Plata y Castañar,PASEO LOS FERROVIARIOS s/n,Bicipark Aviación,Parking Aviación Española,0,3875.393024753779
443,Instalación Deportiva Municipal Básica Parque Pradolongo 1,AVENIDA DE LOS POBLADOS (PARQUE PRADOLONGO) 165,Bicipark Aviación,Parking Aviación Española,0,1180.967628381215
444,Instalación Deportiva Municipal Básica Parque Pradolongo 2,AVENIDA DE LOS POBLADOS (PARQUE PRADOLONGO) 165,Bicipark Aviación,Parking Aviación Española,0,1180.967628381215
445,Instalación Deportiva Municipal Básica Parque Rafael Finat,CALLE DAMASQUILLO 1,Bicipark Aviación,Parking Aviación Española,0,56.57966054789722
446,Instalación Deportiva Municipal Básica Parque San Blas,"CALLE ALBAIDA S/N Avda. Arcentales, Alberique y Ajofrín",Bicipark Almagro,"Calle Almagro, 11",4,124.52509537898004
447,Instalación Deportiva Municipal Básica Parque San Luciano,CALLE SAN LUCIANO 12,Bicipark Aviación,Parking Aviación Española,0,2297.680370799266
448,Instalación Deportiva Municipal Básica Parque Santa Adela,CALLE SANTA ADELA 14,Bicipark Fuente de la Mora,Estación de Fuente de la Mora,1,561.0055045625195
449,Instalación Deportiva Municipal Básica Parque Sector Surbatán,CALLE SEPULVEDA C.V. A CALLE CEBREROS 206,Bicipark Canalejas,-,0,1495.9200510829687
450,Instalación Deportiva Municipal Básica Parque Supermanzana 7,CALLE FERMIN CABALLERO 25,Bicipark Fuente de la Mora,Estación de Fuente de la Mora,1,88.65128141548485
451,Instalación Deportiva Municipal Básica Parque Tanatorio (Salvador Madariaga),CALLE SALVADOR DE MADARIAGA ,Bicipark Almagro,"Calle Almagro, 11",4,1004.8347447998822
452,Instalación Deportiva Municipal Básica Parque Z,CALLE MARROQUINA 88 posterior - Parque de Moratalaz,Bicipark Canalejas,-,0,837.8024877896532
453,Instalación Deportiva Municipal Básica Parque de Atenas,PASEO VIRGEN DEL PUERTO 3,Bicipark Canalejas,-,0,21.06438756827265
454,Instalación Deportiva Municipal Básica Parque de Berlín,CALLE MARCENADO 51,Bicipark Orense,"Avenida General Perón, 27",6,348.0079174824059
455,Instalación Deportiva Municipal Básica Parque de Comillas,CALLE ANTONIO DE LEYVA 35,Bicipark Aviación,Parking Aviación Española,0,1068.2315673651174
456,Instalación Deportiva Municipal Básica Parque de Entrevías - Patinaje,RONDA SUR 221,Bicipark Aviación,Parking Aviación Española,0,1192.4458853369579
457,Instalación Deportiva Municipal Básica Parque de Entrevías - Petanca,RONDA SUR 53,Bicipark Aviación,Parking Aviación Española,0,245.7757857516408
458,Instalación Deportiva Municipal Básica Parque de Roma I,CALLE JUAN ESPLANDIU 4,Bicipark Canalejas,-,0,196.39566139597446
459,Instalación Deportiva Municipal Básica Parque de Roma III,CALLE ALCALDE SAINZ DE BARANDA 90,Bicipark Montalban,"Calle de Montalbán, 5",1,105.96285212785006
460,Instalación Deportiva Municipal Básica Parque de San Isidro - Gorrión,CALLE GORRION 36,Bicipark Aviación,Parking Aviación Española,0,1426.3673928007483
461,Instalación Deportiva Municipal Básica Parque de San Isidro - Vicente Quesada,CALLE VICENTE QUESADA Parque de San Isidro,Bicipark Aviación,Parking Aviación Española,0,1492.802464752458
462,Instalación Deportiva Municipal Básica Parque de Skateboard Ignacio Echeverría,PASEO CHOPERA 4,Bicipark Aviación,Parking Aviación Española,0,1101.647595198825
463,Instalación Deportiva Municipal Básica Parque de Villa Rosa,CALLE EL PEDERNOSO 19,Bicipark Recuerdo,"Calle Hiedra, 26",0,649.4823087956756
464,Instalación Deportiva Municipal Básica Parque de la Alcazaba,AVENIDA EL FERROL 1,Bicipark Recuerdo,"Calle Hiedra, 26",0,219.99799532536417
465,Instalación Deportiva Municipal Básica Parque de la Arganzuela,PASEO YESERIAS 10,Bicipark Aviación,Parking Aviación Española,0,1501.7605240009725
466,Instalación Deportiva Municipal Básica Parque de la Cornisa,CALLE ROSARIO 5,Bicipark Canalejas,-,0,910.1370604382828
467,Instalación Deportiva Municipal Básica Parque de la Ventilla,CALLE VIA LIMITE 101,Bicipark Recuerdo,"Calle Hiedra, 26",0,115.03606716357172
468,Instalación Deportiva Municipal Básica Parque de la Vicalvarada (centro deportivo),CALLE VEREDA DEL PINAR 1,Bicipark Canalejas,-,0,780.8123899661005
469,Instalación Deportiva Municipal Básica Parque de las Cruces,AVENIDA POBLADOS S/N,Bicipark Aviación,Parking Aviación Española,0,723.1050835438073
470,Instalación Deportiva Municipal Básica Parque de las Cruces I,CALLE ROMPEDIZO 15,Bicipark Aviación,Parking Aviación Española,0,699.3909690715373
471,Instalación Deportiva Municipal Básica Parque de las Cruces II,CALLE VIDAUBA 3,Bicipark Aviación,Parking Aviación Española,0,90.26986730005592
472,Instalación Deportiva Municipal Básica Parque del Oeste,PASEO CAMOENS S/N,Bicipark Salamanca,Pl. del Marqués de Salamanca,6,24.792194237932563
473,Instalación Deportiva Municipal Básica Parque la Milanera (La Coma),CALLE RAMON GOMEZ DE LA SERNA 22,Bicipark Fuente de la Mora,Estación de Fuente de la Mora,1,9.838125211186707
474,Instalación Deportiva Municipal Básica Paseo del Polideportivo,CALLE VIVERO DE LA PILARICA 3,Bicipark Canalejas,-,0,1087.8128271270543
475,Instalación Deportiva Municipal Básica Patinaje Parque Lineal Palomeras,AVENIDA MIGUEL HERNANDEZ 9,Bicipark Aviación,Parking Aviación Española,0,427.7757891314104
476,Instalación Deportiva Municipal Básica Patrimonio Humanidad,CALLE PATRIMONIO DE LA HUMANIDAD  Frente al número 15. Parc. 3.12.3 del P.A.U. de Carabanchel,Bicipark Aviación,Parking Aviación Española,0,2470.226292352192
477,Instalación Deportiva Municipal Básica Pedro Escudero,CALLE PEDRO ESCUDERO 28,Bicipark Aviación,Parking Aviación Española,0,467.2103314548731
478,Instalación Deportiva Municipal Básica Peonías - José Miguel Vicens,CALLE PEONIAS 2,Bicipark Orense,"Avenida General Perón, 27",6,260.71164060384035
479,Instalación Deportiva Municipal Básica Piedrahíta,"CALLE PIEDRAHITA  c/v Real Madrid, 36",Bicipark Aviación,Parking Aviación Española,0,792.636869055219
480,Instalación Deportiva Municipal Básica Pinar de la Elipa,CALLE JOSE LUIS DE ARRESE S/N,Bicipark Recoletos,"Paseo de Recoletos, 2",7,8.174511880613863
481,Instalación Deportiva Municipal Básica Pinos de Osuna,CALLE PINOS DE OSUNA 1,Bicipark Orense,"Avenida General Perón, 27",6,255.57252273894846
482,Instalación Deportiva Municipal Básica Pirineos,CALLE PIRINEOS S/N frente a Francisco de Diego,Bicipark Orense,"Avenida General Perón, 27",6,520.5554036078975
483,Instalación Deportiva Municipal Básica Pista Deportiva P.A.R. La Alcazaba,INST. DEPORTIVA BASICA SINESIO DELGADO 26,Bicipark Recuerdo,"Calle Hiedra, 26",0,890.7049047593027
484,Instalación Deportiva Municipal Básica Pista Deportiva Palas del Rey,CALLE PALAS DE REY s/n c/v Frómista,Bicipark Pitis,"Calle Pau Arroyo del Fresno, 181",3,889.7524254852906
485,Instalación Deportiva Municipal Básica Pista Deportiva Parque Miguel Aracil,CALLE JOAQUIN LORENZO 39,Bicipark Recuerdo,"Calle Hiedra, 26",0,201.41309942584485
486,Instalación Deportiva Municipal Básica Pista Deportiva Parque de Begoña,AVENIDA LLANO CASTELLANO 1,Bicipark Fuente de la Mora,Estación de Fuente de la Mora,1,87.74705697968602
487,Instalación Deportiva Municipal Básica Pista P.A.R. Moralzarzal,CALLE MORALZARZAL 88,Bicipark Pitis,"Calle Pau Arroyo del Fresno, 181",3,217.6742855757475
488,Instalación Deportiva Municipal Básica Pista de Patinaje Anfevi,CALLE HACIENDA DE PAVONES 127,Bicipark Canalejas,-,0,1599.6088685048744
489,Instalación Deportiva Municipal Básica Pista de Patinaje Avenida Niza,AVENIDA NIZA s/n c/v Travesía de Carlos II,Bicipark Villa de Paris,"Calle de Orellana, 23, 21",2,108.47159849759191
490,Instalación Deportiva Municipal Básica Pista de Petanca Centro de Mayores La Vaguada,AVENIDA MONFORTE DE LEMOS 36,Bicipark Fuente de la Mora,Estación de Fuente de la Mora,1,658.5901998998597
491,Instalación Deportiva Municipal Básica Pista de Petanca Parque Fuencarral,CALLE AFUERAS A VALVERDE 2,Bicipark Pitis,"Calle Pau Arroyo del Fresno, 181",3,331.9011329924688
492,Instalación Deportiva Municipal Básica Pista de Petanca de Islas Jarvi,CALLE CASTIELLO DE JACA 3,Bicipark Pitis,"Calle Pau Arroyo del Fresno, 181",3,509.10565274581313
493,Instalación Deportiva Municipal Básica Pista de Skate,CALLE CAPITAN BLANCO ARGIBAY S/N,Bicipark Recuerdo,"Calle Hiedra, 26",0,365.283015771769
494,Instalación Deportiva Municipal Básica Pistas de Petanca Dehesa de la Villa,CALLE FRANCOS RODRIGUEZ 1,Bicipark Orense,"Avenida General Perón, 27",6,164.18337076250464
495,Instalación Deportiva Municipal Básica Plan Parcial,CALLE PLAN PARCIAL 3,Bicipark Aviación,Parking Aviación Española,0,1334.769861699082
496,Instalación Deportiva Municipal Básica Playa de Bolnuevo,CALLE PLAYA DE BOLNUEVO 1,Bicipark Recuerdo,"Calle Hiedra, 26",0,267.44663904234767
497,Instalación Deportiva Municipal Básica Plaza Arturo Barea,PLAZA Arturo Barea ,Bicipark Canalejas,-,0,595.2756970822811
498,Instalación Deportiva Municipal Básica Plaza Colonia Oroquieta,CARRETERA ANDALUCIA S/N C/V CARRETERA VILLAVERDE A VALLECAS,Bicipark Aviación,Parking Aviación Española,0,3439.3278314592317
499,Instalación Deportiva Municipal Básica Plaza Fonsagrada,PLAZA FONSAGRADA 6,Bicipark Recuerdo,"Calle Hiedra, 26",0,539.3483069865033
500,Instalación Deportiva Municipal Básica Plaza Munguía,PLAZA MUNGUIA 1 Poblado dirigido Orcasitas,Bicipark Aviación,Parking Aviación Española,0,1364.0472134603187
501,Instalación Deportiva Municipal Básica Plaza Vallandes,CALLE CALESAS 4,Bicipark Aviación,Parking Aviación Española,0,849.636152787134
502,Instalación Deportiva Municipal Básica Plaza de Arteijo,PLAZA ARTEIJO 10,Bicipark Recuerdo,"Calle Hiedra, 26",0,569.2640102775767
503,Instalación Deportiva Municipal Básica Plaza de Bami - Benidorm,CALLE JOSE VILLENA  esq. Benidorm - Plaza de Bami,Bicipark Almagro,"Calle Almagro, 11",4,56.187534340657294
504,Instalación Deportiva Municipal Básica Plaza de María Soledad Torres Acosta,PLAZA María Soledad Torres Acosta ,Bicipark Canalejas,-,0,595.2756970822811
505,Instalación Deportiva Municipal Básica Plaza de Sestao,PLAZA SESTAO 1,Bicipark Aviación,Parking Aviación Española,0,1497.839242898859
506,Instalación Deportiva Municipal Básica Plaza de la Orotava,PLAZA LA OROTAVA 1,Bicipark Almagro,"Calle Almagro, 11",4,168.71538710035384
507,Instalación Deportiva Municipal Básica Plaza del Campillo de Mundo Nuevo,PLAZA Campillo del Mundo Nuevo ,Bicipark Canalejas,-,0,595.2756970822811
508,Instalación Deportiva Municipal Básica Pobladura del Valle,CALLE POBLADURA DEL VALLE s/n c/v Amposta,Bicipark Villa de Paris,"Calle de Orellana, 23, 21",2,96.50674127507955
509,Instalación Deportiva Municipal Básica Poeta Esteban Villegas,CALLE POETA ESTEBAN DE VILLEGAS 4,Bicipark Canalejas,-,0,1008.2388732731342
510,Instalación Deportiva Municipal Básica Polígono 20 - Padre Claret,CALLE PADRE CLARET 18,Bicipark Orense,"Avenida General Perón, 27",6,373.5223194528371
511,Instalación Deportiva Municipal Básica Polígono de las Rosas,CALLE HELSINKI 8 c/v Oslo,Bicipark Villa de Paris,"Calle de Orellana, 23, 21",2,28.387728430330753
512,Instalación Deportiva Municipal Básica Polígono de África,CALLE VILLAESCUSA 56,Bicipark Recoletos,"Paseo de Recoletos, 2",7,2.3424843354150653
513,Instalación Deportiva Municipal Básica Pradillo,CALLE PRADILLO 23,Bicipark Orense,"Avenida General Perón, 27",6,433.33852293435484
514,Instalación Deportiva Municipal Básica Pueblo Nuevo II,CALLE ASCAO  esq. Luis Ruiz,Bicipark Almagro,"Calle Almagro, 11",4,62.468687367625535
515,Instalación Deportiva Municipal Básica Puente Ventas,CALLE VIRGEN DE LA PAZ 7 y 9,Bicipark Almagro,"Calle Almagro, 11",4,208.8783449754119
516,Instalación Deportiva Municipal Básica Puerto Balbarán,CALLE PUERTO DE BALBARAN 4,Bicipark Aviación,Parking Aviación Española,0,567.5132924541831
517,Instalación Deportiva Municipal Básica Puerto Corlite,CALLE PUERTO DE CORLITE 7,Bicipark Aviación,Parking Aviación Española,0,308.55243539530784
518,Instalación Deportiva Municipal Básica Puerto Lumbreras,CALLE PUERTO DE LUMBRERAS,Bicipark Aviación,Parking Aviación Española,0,238.5721535710618
519,Instalación Deportiva Municipal Básica Puerto Monasterio (cubierta de P.A.R.),CALLE PUERTO DEL MONASTERIO 17,Bicipark Aviación,Parking Aviación Española,0,1221.6931961448863
520,Instalación Deportiva Municipal Básica Puerto Rico,CALLE PUERTO RICO 54 c/v Guatemala,Bicipark Orense,"Avenida General Perón, 27",6,685.0799523135647
521,Instalación Deportiva Municipal Básica Puerto Rico - C.D. Alzola,CALLE GAINZA 20,Bicipark Aviación,Parking Aviación Española,0,1601.2146580554545
522,Instalación Deportiva Municipal Básica Puerto Velate,CALLE PUERTO DE VELATE 9,Bicipark Aviación,Parking Aviación Española,0,40.230287111364305
523,Instalación Deportiva Municipal Básica Puerto Velate Tenis (Club de Tenis Vallecas),CALLE PUERTO DE VELATE 18,Bicipark Aviación,Parking Aviación Española,0,6.242107682861388
524,Instalación Deportiva Municipal Básica Puerto de Béjar,CALLE PUERTO DE BEJAR 7,Bicipark Aviación,Parking Aviación Española,0,534.8225957602262
525,Instalación Deportiva Municipal Básica Puerto de Costabona,CALLE PUERTO DE COSTABONA 7,Bicipark Aviación,Parking Aviación Española,0,206.7972408104688
526,Instalación Deportiva Municipal Básica Pádel - Madrid Las Tablas,AVENIDA CAMINO DE SANTIAGO 25,Bicipark Pitis,"Calle Pau Arroyo del Fresno, 181",3,754.711742784828
527,Instalación Deportiva Municipal Básica Quinta de Los Molinos I,"CALLE ALCALA 535,c/vAvenida25Septiembre",Bicipark Orense,"Avenida General Perón, 27",6,1249.3556815935299
528,Instalación Deportiva Municipal Básica Quinta de Los Molinos II,"CALLE IQUITOS 1c/vcalleAlcalá,535",Bicipark Almagro,"Calle Almagro, 11",4,1135.7667271196842
529,Instalación Deportiva Municipal Básica Ramírez de Prado,CALLE RAMIREZ DE PRADO 2,Bicipark Aviación,Parking Aviación Española,0,1761.5902898004279
530,Instalación Deportiva Municipal Básica Ramón Gómez de la Serna,CALLE RAMON GOMEZ DE LA SERNA 22 c/v Valle de Pinares Llanos y Riscos de Polanco,Bicipark Fuente de la Mora,Estación de Fuente de la Mora,1,9.838125211186707
531,Instalación Deportiva Municipal Básica Ramón Pérez de Ayala,CALLE RAMON PEREZ DE AYALA 80,Bicipark Aviación,Parking Aviación Española,0,1830.112105482258
532,Instalación Deportiva Municipal Básica Rancho del Cordobés,CALLE PINSAPO 3,Bicipark Aviación,Parking Aviación Española,0,1709.582734526135
533,Instalación Deportiva Municipal Básica Recinto Ferial San Antonio de la Florida,GLORIETA SAN ANTONIO DE LA FLORIDA S/N en el Recinto Ferial,Bicipark Villa de Paris,"Calle de Orellana, 23, 21",2,22.645816347561777
534,Instalación Deportiva Municipal Básica Ricardo Damas,CALLE RICARDO DAMAS 4,Bicipark Aviación,Parking Aviación Española,0,186.3000751659274
535,Instalación Deportiva Municipal Básica Rodríguez Sahagún (Campo de Fútbol),PASEO DIRECCION 302,Bicipark Recuerdo,"Calle Hiedra, 26",0,351.9094538288191
536,Instalación Deportiva Municipal Básica Rodríguez Sahagún I (Capitán Blanco Argibay),CALLE CAPITAN BLANCO ARGIBAY 173,Bicipark Recuerdo,"Calle Hiedra, 26",0,274.38338732440025
537,Instalación Deportiva Municipal Básica Rodríguez Sahagún II (Los Pinos),CALLE SINESIO DELGADO 30,Bicipark Recuerdo,"Calle Hiedra, 26",0,183.17141197435558
538,Instalación Deportiva Municipal Básica Ronda Sur,RONDA SUR 231 c/v Barros,Bicipark Aviación,Parking Aviación Española,0,1098.5528223272413
539,Instalación Deportiva Municipal Básica Rosa Jardón,CALLE ROSA JARDON 11,Bicipark Recuerdo,"Calle Hiedra, 26",0,773.1703848103061
540,Instalación Deportiva Municipal Básica San Anselmo,CALLE SAN ANSELMO 8,Bicipark Aviación,Parking Aviación Española,0,245.8783316137269
541,Instalación Deportiva Municipal Básica San Aureliano,CALLE SAN AURELIANO s/n,Bicipark Aviación,Parking Aviación Española,0,4557.42975747399
542,Instalación Deportiva Municipal Básica San Benigno,CALLE SAN BENIGNO 3,Bicipark Canalejas,-,0,1462.3854117812589
543,Instalación Deportiva Municipal Básica San Cristóbal de Los Ángeles II,CALLE GODELLA 48,Bicipark Aviación,Parking Aviación Española,0,4453.9933663206175
544,Instalación Deportiva Municipal Básica San Cristóbal de Los Ángeles III,CALLE MONCADA 123,Bicipark Aviación,Parking Aviación Española,0,4878.307249964215
545,Instalación Deportiva Municipal Básica San Juan Bautista - Cidamón,CALLE AGASTIA  esq. Cidamón,Bicipark Orense,"Avenida General Perón, 27",6,185.72442803531885
546,Instalación Deportiva Municipal Básica San Lamberto,CALLE SAN LAMBERTO 20 P.A.R.,Bicipark Recoletos,"Paseo de Recoletos, 2",7,131.9037292394787
547,Instalación Deportiva Municipal Básica San Pascual,CALLE ESTEBAN MORA S/N esq. Derechos Humanos,Bicipark Almagro,"Calle Almagro, 11",4,895.448168403469
548,Instalación Deportiva Municipal Básica San Pol,CALLE SAN POL DE MAR 7,Bicipark Villa de Paris,"Calle de Orellana, 23, 21",2,221.59032892715186
549,Instalación Deportiva Municipal Básica Sanchinarro I,CALLE INFANTA CATALINA MICAELA 33,Bicipark Fuente de la Mora,Estación de Fuente de la Mora,1,509.9399135801941
550,Instalación Deportiva Municipal Básica Sanchinarro II,CALLE INFANTA CATALINA MICAELA 23,Bicipark Fuente de la Mora,Estación de Fuente de la Mora,1,210.44024170562625
551,Instalación Deportiva Municipal Básica Sanchinarro III,CALLE MARIA TUDOR 10,Bicipark Pitis,"Calle Pau Arroyo del Fresno, 181",3,309.26362307555974
552,Instalación Deportiva Municipal Básica Sanchinarro IV,AVENIDA NICETO ALCALA ZAMORA 12,Bicipark Fuente de la Mora,Estación de Fuente de la Mora,1,446.7400669036433
553,Instalación Deportiva Municipal Básica Sanchorreja,CALLE SANCHORREJA 8,Bicipark Canalejas,-,0,1709.91827432625
554,Instalación Deportiva Municipal Básica Santa Ana I,CALLE HOSPITALET DE LLOBREGAT 11 c/v Travesía Hospitalet de Llobregat,Bicipark Pitis,"Calle Pau Arroyo del Fresno, 181",3,158.43699310626835
555,Instalación Deportiva Municipal Básica Santa Ana II,PASEO ALAMEDILLAS 2,Bicipark Pitis,"Calle Pau Arroyo del Fresno, 181",3,241.36652715783566
556,Instalación Deportiva Municipal Básica Santa Eugenia,CALLE CERRO DE ALMODOVAR 11,Bicipark Aviación,Parking Aviación Española,0,383.1154703591019
557,Instalación Deportiva Municipal Básica Santa Hortensia,CALLE SANTA HORTENSIA 34,Bicipark Orense,"Avenida General Perón, 27",6,1022.9062395067886
558,Instalación Deportiva Municipal Básica Santa Marca,CALLE PRADILLO 23,Bicipark Orense,"Avenida General Perón, 27",6,433.33852293435484
559,Instalación Deportiva Municipal Básica Santa Petronila,CARRETERA ANDALUCIA S/N SANTA PETRONILA,Bicipark Aviación,Parking Aviación Española,0,3914.537022968754
560,Instalación Deportiva Municipal Básica Santa Rita,CALLE ALBA DE TORMES 2,Bicipark Aviación,Parking Aviación Española,0,464.3664904003963
561,Instalación Deportiva Municipal Básica Santa Virgilia,CALLE SANTA VIRGILIA 17,Bicipark Recuerdo,"Calle Hiedra, 26",0,484.5870230682194
562,Instalación Deportiva Municipal Básica Santuario de Valverde (Montecarmenlo),AVENIDA SANTUARIO DE VALVERDE 41,Bicipark Pitis,"Calle Pau Arroyo del Fresno, 181",3,1248.6952518802136
563,Instalación Deportiva Municipal Básica Sepúlveda,CALLE SEPULVEDA 220,Bicipark Aviación,Parking Aviación Española,0,1706.3843775922433
564,Instalación Deportiva Municipal Básica Seseña,"CALLE SESEÑA 2 c/v Calle Valmojado, 2",Bicipark Aviación,Parking Aviación Española,0,1575.6482906965539
565,Instalación Deportiva Municipal Básica Sierra Elvira,CALLE SIERRA ELVIRA 37 Posterior,Bicipark Canalejas,-,0,1409.7702956590801
566,Instalación Deportiva Municipal Básica Sierra del Valle,CALLE ARROYO DEL OLIVAR 96,Bicipark Aviación,Parking Aviación Española,0,813.9789445372298
567,Instalación Deportiva Municipal Básica Sinesio Delgado,CALLE ISLA DE OZA 61,Bicipark Recuerdo,"Calle Hiedra, 26",0,950.567210807465
568,Instalación Deportiva Municipal Básica Skate Plaza,CALLE CAPITAN BLANCO ARGIBAY 173,Bicipark Recuerdo,"Calle Hiedra, 26",0,274.38338732440025
569,Instalación Deportiva Municipal Básica Soto Hidalgo,CALLE RIAÑO 1,Bicipark Orense,"Avenida General Perón, 27",6,920.8167368136346
570,Instalación Deportiva Municipal Básica Talbot,CALLE TALBOT 3,Bicipark Aviación,Parking Aviación Española,0,1956.3882830804214
571,Instalación Deportiva Municipal Básica Telémaco,CALLE TELEMACO s/n,Bicipark Orense,"Avenida General Perón, 27",6,617.5142753105611
572,Instalación Deportiva Municipal Básica Tercio Terol,CALLE CHINDASVINTO  c/v Tulga,Bicipark Aviación,Parking Aviación Española,0,1251.3046181313694
573,Instalación Deportiva Municipal Básica Torrelaguna (La Colina),CALLE TORRELAGUNA  esq. Normas,Bicipark Orense,"Avenida General Perón, 27",6,27.639673624187708
574,Instalación Deportiva Municipal Básica Torrespaña - Fuente del Berro (centro deportivo),CALLE NUDO M-30 C/V ALCALDE SAINZ DE BARANDA 94,Bicipark Recoletos,"Paseo de Recoletos, 2",7,104.66499791759998
575,Instalación Deportiva Municipal Básica Tres Olivos I Pádel,CALLE CUEVA DE MONTESINOS 27,Bicipark Pitis,"Calle Pau Arroyo del Fresno, 181",3,336.31896342895925
576,Instalación Deportiva Municipal Básica Tres Olivos II,AVENIDA CAMPO DE CALATRAVA 3 c/v Alonso Quijano y Afueras a Valverde,Bicipark Pitis,"Calle Pau Arroyo del Fresno, 181",3,506.31235742289573
577,Instalación Deportiva Municipal Básica Tribaldos I,CALLE TRIBALDOS 37 junto a la iglesia,Bicipark Recuerdo,"Calle Hiedra, 26",0,597.1580295721069
578,Instalación Deportiva Municipal Básica Tribaldos II,CALLE TRIBALDOS 34,Bicipark Recuerdo,"Calle Hiedra, 26",0,524.6212254203856
579,Instalación Deportiva Municipal Básica Trinquete,CALLE VELACHO BAJO 3,Bicipark Recuerdo,"Calle Hiedra, 26",0,17.700206226669252
580,Instalación Deportiva Municipal Básica UVA Pan Bendito,UVA PAN BENDITO ,Bicipark Aviación,Parking Aviación Española,0,885.1101805474609
581,Instalación Deportiva Municipal Básica UVA de Vallecas,CALLE MONTE DE MONTJUICH 9 C/ Sierra Gorda,Bicipark Aviación,Parking Aviación Española,0,327.2658945703879
582,Instalación Deportiva Municipal Básica Urbanización Arroyo del Santo,AVENIDA PRUNOS 100,Bicipark Orense,"Avenida General Perón, 27",6,122.19623699598014
583,Instalación Deportiva Municipal Básica Urbis,AVENIDA DOCTOR GARCIA TAPIA 117 esquina Avd. Moratalaz,Bicipark Canalejas,-,0,739.3609449928626
584,Instalación Deportiva Municipal Básica Valdebebas,CALLE JOSE ANTONIO FERNANDEZ ORDOÑEZ 25,Bicipark Pitis,"Calle Pau Arroyo del Fresno, 181",3,487.52561659552157
585,Instalación Deportiva Municipal Básica Valdebernardo,CALLE CORDEL DE PAVONES 9,Bicipark Aviación,Parking Aviación Española,0,1875.5427156230435
586,Instalación Deportiva Municipal Básica Valdelasierra,CALLE VALDELASIERRA 7,Bicipark Aviación,Parking Aviación Española,0,1605.2198401475325
587,Instalación Deportiva Municipal Básica Valderriba,AVENIDA GRAN VIA DEL ESTE 14,Bicipark Canalejas,-,0,1843.26376917772
588,Instalación Deportiva Municipal Básica Valderromán,CALLE VALDERROMAN 22,Bicipark Recuerdo,"Calle Hiedra, 26",0,178.79196110367775
589,Instalación Deportiva Municipal Básica Valdetorres,"CALLE VALDETORRES DE JARAMA 29 Estrecho Ormuz, 6",Bicipark Recuerdo,"Calle Hiedra, 26",0,203.6304418584332
590,Instalación Deportiva Municipal Básica Valdeyeros,CALLE ROSALIA DE CASTRO 77,Bicipark Fuente de la Mora,Estación de Fuente de la Mora,1,90.16127599682659
591,Instalación Deportiva Municipal Básica Valle Inclán,CALLE VALLE INCLÁN  C/V Aldeanueva de la Vera,Bicipark Aviación,Parking Aviación Española,0,563.3484899168834
592,Instalación Deportiva Municipal Básica Vereda de Ganapanes,CALLE BECERREA 4 c/v Sinesio Delgado,Bicipark Recuerdo,"Calle Hiedra, 26",0,122.62854262068868
593,Instalación Deportiva Municipal Básica Via Lusitana,CALLE VIA LUSITANA 19 Parque Sur,Bicipark Aviación,Parking Aviación Española,0,665.0728458724916
594,Instalación Deportiva Municipal Básica Victoria Hernández (El Espinillo II - centro deportivo),CALLE CONSENSO 5,Bicipark Aviación,Parking Aviación Española,0,2547.6572305103764
595,Instalación Deportiva Municipal Básica Villa de Pons - Avenida de San Luis,AVENIDA SAN LUIS 23,Bicipark Recuerdo,"Calle Hiedra, 26",0,99.22774011362344
596,Instalación Deportiva Municipal Básica Villabona,CALLE VILLABONA 4,Bicipark Aviación,Parking Aviación Española,0,1630.0793358534575
597,Instalación Deportiva Municipal Básica Villalonso,CALLE VILLALONSO 8,Bicipark Aviación,Parking Aviación Española,0,3768.7504026666284
598,Instalación Deportiva Municipal Básica Virgen de la Estrella,PLAZUELA VIRGEN DE LA ESTRELLA 1,Bicipark Canalejas,-,0,1030.5860118772835
599,Instalación Deportiva Municipal Básica Virgen del Cortijo - A.D. Oña Sanchinarro,CALLE OÑA 18,Bicipark Fuente de la Mora,Estación de Fuente de la Mora,1,557.1912180706859
600,Instalación Deportiva Municipal Básica Vital Aza,CALLE VITAL AZA  esq. Ezequiel Solana,Bicipark Almagro,"Calle Almagro, 11",4,45.84736021142453
601,Instalación Deportiva Municipal Básica Yeserías I,PASEO YESERIAS 1,Bicipark Aviación,Parking Aviación Española,0,1904.9631962738931
602,Instalación Deportiva Municipal Básica Zazuar,CALLE ZAZUAR 1 c/v Avda. Mediterráneo,Bicipark Aviación,Parking Aviación Española,0,101.5425218027085
603,Instalación Deportiva Municipal Básica Zofio,CALLE RICARDO BELTRAN Y ROZPIDE 12,Bicipark Aviación,Parking Aviación Española,0,304.09085004776716
604,Instalación Deportiva Municipal Básica de Ribadeo y Verín,PLAZAS INTERIORES ENTRE PLAZA RIBADEO 1 Y PLAZA VERIN,Bicipark Recuerdo,"Calle Hiedra, 26",0,574.9450166588649
605,Instalación Deportiva Municipal Básica del Poblado Dirigido (Olesa de Montserrat),AVENIDA CARDENAL HERRERA ORIA 108,Bicipark Pitis,"Calle Pau Arroyo del Fresno, 181",3,590.3706564027816
606,Instalación Deportiva Municipal Básica paseo de la Vaguada,PASEO VAGUADA 13,Bicipark Fuente de la Mora,Estación de Fuente de la Mora,1,502.9164156317711
607,Instalación Deportiva Municipal Básica pista de patinaje Planetario,AVENIDA PLANETARIO 7,Bicipark Aviación,Parking Aviación Española,0,1174.5272803921252
608,Instalación Deportiva Municipal Básica poblado de Santa Ana,CALLE Braille 15,Bicipark Pitis,"Calle Pau Arroyo del Fresno, 181",3,157.82280516531318
609,Instalación Deportiva Municipal Canal de Remo Puente de la Princesa,PASARELA SUR DEL PUENTE DE LA PRINCESA ,Bicipark Aviación,Parking Aviación Española,0,530.8768898462877
610,Instalación Deportiva Municipal Embajadores M-30,CALLE PUERTO DE LA CRUZ VERDE 29,Bicipark Aviación,Parking Aviación Española,0,77.16871383599937
611,Instalación Deportiva Municipal Nave de Terneras,PASEO CHOPERA 10,Bicipark Aviación,Parking Aviación Española,0,1101.647595198825
612,Instalación Deportiva Municipal Parque Calle Vado,CALLE ANTONIO LOPEZ C/V CALLE VADO 189 c/v Vado,Bicipark Aviación,Parking Aviación Española,0,253.65545557904989
613,Instalación Deportiva Municipal Parque Lineal del Manzanares - Victoriano González,CALLE EMBAJADORES 324,Bicipark Aviación,Parking Aviación Española,0,1075.005813847296
614,Instalación Deportiva Municipal Puente de Praga,AVENIDA MANZANARES 176,Bicipark Aviación,Parking Aviación Española,0,1306.54050661996
615,Instalación Deportiva Municipal Pádel  Marqués de Monistrol,CALLE RIBERA DEL MANZANARES 1,Bicipark Recoletos,"Paseo de Recoletos, 2",7,202.20943061541766
616,Instalación Deportiva Municipal Rocódromo 'Roc 30',AVENIDA MANZANARES 108,Bicipark Aviación,Parking Aviación Española,0,1756.75010549929
617,Instalación Deportiva San Vicente de Paúl,CALLE PELICANO 4,Bicipark Aviación,Parking Aviación Española,0,21.3051088899374
618,Instalación deportiva municipal básica Campo de Fútbol Gabriel Fernández,CALLE CUART DE POBLET 6,Bicipark Aviación,Parking Aviación Española,0,1524.5088416617364
619,Madrid Caja Mágica,CAMINO PERALES 23,Bicipark Aviación,Parking Aviación Española,0,1603.9555602483451
620,Movistar Academy Magariños,CALLE SERRANO 129,Bicipark Orense,"Avenida General Perón, 27",6,1163.375885383226
621,Parque Deportivo Puerta de Hierro,CARRETERA DE LA CORUÑA  kilómetro 7,Bicipark Recuerdo,"Calle Hiedra, 26",0,1009.3108206912875
622,Parque Lineal UZI 0.06 Arroyofresno,CALLE MARIA DE MAEZTU 1,Bicipark Fuente de la Mora,Estación de Fuente de la Mora,1,274.15413921978325
623,Pista de Patinaje Paco de Lucía,AUDITORIO PACO DE LUCIA ,Bicipark Aviación,Parking Aviación Española,0,198.90526365488768
624,Pista de petanca Centro de Mayores La Vaguada,AVENIDA MONFORTE DE LEMOS 36,Bicipark Fuente de la Mora,Estación de Fuente de la Mora,1,629.0472745103762
625,WiZink Center,CALLE JORGE JUAN 99,Bicipark Villa de Paris,"Calle de Orellana, 23, 21",2,259.9461791506037
